[2026-08-06 03:15:32] local.ERROR: Please provide a valid cache path. {"exception":"[object] (InvalidArgumentException(code: 0): Please provide a valid cache path. at C:/Users/thiag/OneDrive/Desktop/virtual-notes2/vendor/laravel/framework/src/Illuminate/View/Compilers/Compiler.php:75)
[stacktrace]
#0 C:/Users/thiag/OneDrive/Desktop/virtual-notes2/vendor/laravel/framework/src/Illuminate/View/ViewServiceProvider.php(97): Illuminate/View/Compilers/Compiler->__construct()
#1 C:/Users/thiag/OneDrive/Desktop/virtual-notes2/vendor/laravel/framework/src/Illuminate/Container/Container.php(1118): Illuminate/View/ViewServiceProvider->{closure:Illuminate/View/ViewServiceProvider::registerBladeCompiler():96}()
#2 C:/Users/thiag/OneDrive/Desktop/virtual-notes2/vendor/laravel/framework/src/Illuminate/Container/Container.php(936): Illuminate/Container/Container->build()
#3 C:/Users/thiag/OneDrive/Desktop/virtual-notes2/vendor/laravel/framework/src/Illuminate/Foundation/Application.php(1078): Illuminate/Container/Container->resolve()
#4 C:/Users/thiag/OneDrive/Desktop/virtual-notes2/vendor/laravel/framework/src/Illuminate/Container/Container.php(864): Illuminate/Foundation/Application->resolve()
#5 C:/Users/thiag/OneDrive/Desktop/virtual-notes2/vendor/laravel/framework/src/Illuminate/Foundation/Application.php(1058): Illuminate/Container/Container->make()
#6 C:/Users/thiag/OneDrive/Desktop/virtual-notes2/vendor/laravel/framework/src/Illuminate/View/ViewServiceProvider.php(169): Illuminate/Foundation/Application->make()
#7 [internal function]: Illuminate/View/ViewServiceProvider->{closure:Illuminate/View/ViewServiceProvider::registerBladeEngine():165}()
#8 C:/Users/thiag/OneDrive/Desktop/virtual-notes2/vendor/laravel/framework/src/Illuminate/View/Engines/EngineResolver.php(55): call_user_func()
#9 C:/Users/thiag/OneDrive/Desktop/virtual-notes2/vendor/laravel/framework/src/Illuminate/View/Factory.php(325): Illuminate/View/Engines/EngineResolver->resolve()
#10 C:/Users/thiag/OneDrive/Desktop/virtual-notes2/vendor/laravel/framework/src/Illuminate/View/Factory.php(287): Illuminate/View/Factory->getEngineFromPath()
#11 C:/Users/thiag/OneDrive/Desktop/virtual-notes2/vendor/laravel/framework/src/Illuminate/View/Factory.php(159): Illuminate/View/Factory->viewInstance()
#12 C:/Users/thiag/OneDrive/Desktop/virtual-notes2/vendor/laravel/wayfinder/src/GenerateCommand.php(202): Illuminate/View/Factory->make()
#13 C:/Users/thiag/OneDrive/Desktop/virtual-notes2/vendor/laravel/wayfinder/src/GenerateCommand.php(148): Laravel/Wayfinder/GenerateCommand->writeControllerMethodExport()
#14 C:/Users/thiag/OneDrive/Desktop/virtual-notes2/vendor/laravel/framework/src/Illuminate/Collections/Traits/EnumeratesValues.php(275): Laravel/Wayfinder/GenerateCommand->{closure:Laravel/Wayfinder/GenerateCommand::writeControllerFile():146}()
#15 C:/Users/thiag/OneDrive/Desktop/virtual-notes2/vendor/laravel/wayfinder/src/GenerateCommand.php(146): Illuminate/Support/Collection->each()
#16 C:/Users/thiag/OneDrive/Desktop/virtual-notes2/vendor/laravel/framework/src/Illuminate/Collections/Traits/EnumeratesValues.php(275): Laravel/Wayfinder/GenerateCommand->writeControllerFile()
#17 C:/Users/thiag/OneDrive/Desktop/virtual-notes2/vendor/laravel/wayfinder/src/GenerateCommand.php(80): Illuminate/Support/Collection->each()
#18 C:/Users/thiag/OneDrive/Desktop/virtual-notes2/vendor/laravel/framework/src/Illuminate/Container/BoundMethod.php(36): Laravel/Wayfinder/GenerateCommand->handle()
#19 C:/Users/thiag/OneDrive/Desktop/virtual-notes2/vendor/laravel/framework/src/Illuminate/Container/Util.php(43): Illuminate/Container/BoundMethod::{closure:Illuminate/Container/BoundMethod::call():35}()
#20 C:/Users/thiag/OneDrive/Desktop/virtual-notes2/vendor/laravel/framework/src/Illuminate/Container/BoundMethod.php(96): Illuminate/Container/Util::unwrapIfClosure()
#21 C:/Users/thiag/OneDrive/Desktop/virtual-notes2/vendor/laravel/framework/src/Illuminate/Container/BoundMethod.php(35): Illuminate/Container/BoundMethod::callBoundMethod()
#22 C:/Users/thiag/OneDrive/Desktop/virtual-notes2/vendor/laravel/framework/src/Illuminate/Container/Container.php(799): Illuminate/Container/BoundMethod::call()
#23 C:/Users/thiag/OneDrive/Desktop/virtual-notes2/vendor/laravel/framework/src/Illuminate/Console/Command.php(280): Illuminate/Container/Container->call()
#24 C:/Users/thiag/OneDrive/Desktop/virtual-notes2/vendor/symfony/console/Command/Command.php(291): Illuminate/Console/Command->execute()
#25 C:/Users/thiag/OneDrive/Desktop/virtual-notes2/vendor/laravel/framework/src/Illuminate/Console/Command.php(249): Symfony/Component/Console/Command/Command->run()
#26 C:/Users/thiag/OneDrive/Desktop/virtual-notes2/vendor/symfony/console/Application.php(1107): Illuminate/Console/Command->run()
#27 C:/Users/thiag/OneDrive/Desktop/virtual-notes2/vendor/symfony/console/Application.php(356): Symfony/Component/Console/Application->doRunCommand()
#28 C:/Users/thiag/OneDrive/Desktop/virtual-notes2/vendor/symfony/console/Application.php(195): Symfony/Component/Console/Application->doRun()
#29 C:/Users/thiag/OneDrive/Desktop/virtual-notes2/vendor/laravel/framework/src/Illuminate/Foundation/Console/Kernel.php(198): Symfony/Component/Console/Application->run()
#30 C:/Users/thiag/OneDrive/Desktop/virtual-notes2/vendor/laravel/framework/src/Illuminate/Foundation/Application.php(1235): Illuminate/Foundation/Console/Kernel->handle()
#31 C:/Users/thiag/OneDrive/Desktop/virtual-notes2/artisan(16): Illuminate/Foundation/Application->handleCommand()
#32 {main}
"} 
[2026-08-06 03:17:49] local.ERROR: Please provide a valid cache path. {"exception":"[object] (InvalidArgumentException(code: 0): Please provide a valid cache path. at C:/Users/thiag/OneDrive/Desktop/virtual-notes2/vendor/laravel/framework/src/Illuminate/View/Compilers/Compiler.php:75)
[stacktrace]
#0 C:/Users/thiag/OneDrive/Desktop/virtual-notes2/vendor/laravel/framework/src/Illuminate/View/ViewServiceProvider.php(97): Illuminate/View/Compilers/Compiler->__construct()
#1 C:/Users/thiag/OneDrive/Desktop/virtual-notes2/vendor/laravel/framework/src/Illuminate/Container/Container.php(1118): Illuminate/View/ViewServiceProvider->{closure:Illuminate/View/ViewServiceProvider::registerBladeCompiler():96}()
#2 C:/Users/thiag/OneDrive/Desktop/virtual-notes2/vendor/laravel/framework/src/Illuminate/Container/Container.php(936): Illuminate/Container/Container->build()
#3 C:/Users/thiag/OneDrive/Desktop/virtual-notes2/vendor/laravel/framework/src/Illuminate/Foundation/Application.php(1078): Illuminate/Container/Container->resolve()
#4 C:/Users/thiag/OneDrive/Desktop/virtual-notes2/vendor/laravel/framework/src/Illuminate/Container/Container.php(864): Illuminate/Foundation/Application->resolve()
#5 C:/Users/thiag/OneDrive/Desktop/virtual-notes2/vendor/laravel/framework/src/Illuminate/Foundation/Application.php(1058): Illuminate/Container/Container->make()
#6 C:/Users/thiag/OneDrive/Desktop/virtual-notes2/vendor/laravel/framework/src/Illuminate/View/ViewServiceProvider.php(169): Illuminate/Foundation/Application->make()
#7 [internal function]: Illuminate/View/ViewServiceProvider->{closure:Illuminate/View/ViewServiceProvider::registerBladeEngine():165}()
#8 C:/Users/thiag/OneDrive/Desktop/virtual-notes2/vendor/laravel/framework/src/Illuminate/View/Engines/EngineResolver.php(55): call_user_func()
#9 C:/Users/thiag/OneDrive/Desktop/virtual-notes2/vendor/laravel/framework/src/Illuminate/View/Factory.php(325): Illuminate/View/Engines/EngineResolver->resolve()
#10 C:/Users/thiag/OneDrive/Desktop/virtual-notes2/vendor/laravel/framework/src/Illuminate/View/Factory.php(287): Illuminate/View/Factory->getEngineFromPath()
#11 C:/Users/thiag/OneDrive/Desktop/virtual-notes2/vendor/laravel/framework/src/Illuminate/View/Factory.php(159): Illuminate/View/Factory->viewInstance()
#12 C:/Users/thiag/OneDrive/Desktop/virtual-notes2/vendor/laravel/wayfinder/src/GenerateCommand.php(202): Illuminate/View/Factory->make()
#13 C:/Users/thiag/OneDrive/Desktop/virtual-notes2/vendor/laravel/wayfinder/src/GenerateCommand.php(148): Laravel/Wayfinder/GenerateCommand->writeControllerMethodExport()
#14 C:/Users/thiag/OneDrive/Desktop/virtual-notes2/vendor/laravel/framework/src/Illuminate/Collections/Traits/EnumeratesValues.php(275): Laravel/Wayfinder/GenerateCommand->{closure:Laravel/Wayfinder/GenerateCommand::writeControllerFile():146}()
#15 C:/Users/thiag/OneDrive/Desktop/virtual-notes2/vendor/laravel/wayfinder/src/GenerateCommand.php(146): Illuminate/Support/Collection->each()
#16 C:/Users/thiag/OneDrive/Desktop/virtual-notes2/vendor/laravel/framework/src/Illuminate/Collections/Traits/EnumeratesValues.php(275): Laravel/Wayfinder/GenerateCommand->writeControllerFile()
#17 C:/Users/thiag/OneDrive/Desktop/virtual-notes2/vendor/laravel/wayfinder/src/GenerateCommand.php(80): Illuminate/Support/Collection->each()
#18 C:/Users/thiag/OneDrive/Desktop/virtual-notes2/vendor/laravel/framework/src/Illuminate/Container/BoundMethod.php(36): Laravel/Wayfinder/GenerateCommand->handle()
#19 C:/Users/thiag/OneDrive/Desktop/virtual-notes2/vendor/laravel/framework/src/Illuminate/Container/Util.php(43): Illuminate/Container/BoundMethod::{closure:Illuminate/Container/BoundMethod::call():35}()
#20 C:/Users/thiag/OneDrive/Desktop/virtual-notes2/vendor/laravel/framework/src/Illuminate/Container/BoundMethod.php(96): Illuminate/Container/Util::unwrapIfClosure()
#21 C:/Users/thiag/OneDrive/Desktop/virtual-notes2/vendor/laravel/framework/src/Illuminate/Container/BoundMethod.php(35): Illuminate/Container/BoundMethod::callBoundMethod()
#22 C:/Users/thiag/OneDrive/Desktop/virtual-notes2/vendor/laravel/framework/src/Illuminate/Container/Container.php(799): Illuminate/Container/BoundMethod::call()
#23 C:/Users/thiag/OneDrive/Desktop/virtual-notes2/vendor/laravel/framework/src/Illuminate/Console/Command.php(280): Illuminate/Container/Container->call()
#24 C:/Users/thiag/OneDrive/Desktop/virtual-notes2/vendor/symfony/console/Command/Command.php(291): Illuminate/Console/Command->execute()
#25 C:/Users/thiag/OneDrive/Desktop/virtual-notes2/vendor/laravel/framework/src/Illuminate/Console/Command.php(249): Symfony/Component/Console/Command/Command->run()
#26 C:/Users/thiag/OneDrive/Desktop/virtual-notes2/vendor/symfony/console/Application.php(1107): Illuminate/Console/Command->run()
#27 C:/Users/thiag/OneDrive/Desktop/virtual-notes2/vendor/symfony/console/Application.php(356): Symfony/Component/Console/Application->doRunCommand()
#28 C:/Users/thiag/OneDrive/Desktop/virtual-notes2/vendor/symfony/console/Application.php(195): Symfony/Component/Console/Application->doRun()
#29 C:/Users/thiag/OneDrive/Desktop/virtual-notes2/vendor/laravel/framework/src/Illuminate/Foundation/Console/Kernel.php(198): Symfony/Component/Console/Application->run()
#30 C:/Users/thiag/OneDrive/Desktop/virtual-notes2/vendor/laravel/framework/src/Illuminate/Foundation/Application.php(1235): Illuminate/Foundation/Console/Kernel->handle()
#31 C:/Users/thiag/OneDrive/Desktop/virtual-notes2/artisan(16): Illuminate/Foundation/Application->handleCommand()
#32 {main}
"} 
[2026-08-10 02:45:31] local.ERROR: file_put_contents(C:\Users\thiag\OneDrive\Desktop\virtual-notes2\resources\js\actions\App\Http\Controllers\Settings\SecurityController.ts): Failed to open stream: No such file or directory {"exception":"[object] (ErrorException(code: 0): file_put_contents(C:\\Users\\thiag\\OneDrive\\Desktop\\virtual-notes2\\resources\\js\\actions\\App\\Http\\Controllers\\Settings\\SecurityController.ts): Failed to open stream: No such file or directory at C:/Users/thiag/OneDrive/Desktop/virtual-notes2/vendor/laravel/framework/src/Illuminate/Filesystem/Filesystem.php:204)
[stacktrace]
#0 C:/Users/thiag/OneDrive/Desktop/virtual-notes2/vendor/laravel/framework/src/Illuminate/Foundation/Bootstrap/HandleExceptions.php(258): Illuminate/Foundation/Bootstrap/HandleExceptions->handleError()
#1 [internal function]: Illuminate/Foundation/Bootstrap/HandleExceptions->{closure:Illuminate/Foundation/Bootstrap/HandleExceptions::forwardsTo():257}()
#2 C:/Users/thiag/OneDrive/Desktop/virtual-notes2/vendor/laravel/framework/src/Illuminate/Filesystem/Filesystem.php(204): file_put_contents()
#3 C:/Users/thiag/OneDrive/Desktop/virtual-notes2/vendor/laravel/wayfinder/src/GenerateCommand.php(128): Illuminate/Filesystem/Filesystem->put()
#4 C:/Users/thiag/OneDrive/Desktop/virtual-notes2/vendor/laravel/wayfinder/src/GenerateCommand.php(82): Laravel/Wayfinder/GenerateCommand->writeContent()
#5 C:/Users/thiag/OneDrive/Desktop/virtual-notes2/vendor/laravel/framework/src/Illuminate/Container/BoundMethod.php(36): Laravel/Wayfinder/GenerateCommand->handle()
#6 C:/Users/thiag/OneDrive/Desktop/virtual-notes2/vendor/laravel/framework/src/Illuminate/Container/Util.php(43): Illuminate/Container/BoundMethod::{closure:Illuminate/Container/BoundMethod::call():35}()
#7 C:/Users/thiag/OneDrive/Desktop/virtual-notes2/vendor/laravel/framework/src/Illuminate/Container/BoundMethod.php(96): Illuminate/Container/Util::unwrapIfClosure()
#8 C:/Users/thiag/OneDrive/Desktop/virtual-notes2/vendor/laravel/framework/src/Illuminate/Container/BoundMethod.php(35): Illuminate/Container/BoundMethod::callBoundMethod()
#9 C:/Users/thiag/OneDrive/Desktop/virtual-notes2/vendor/laravel/framework/src/Illuminate/Container/Container.php(799): Illuminate/Container/BoundMethod::call()
#10 C:/Users/thiag/OneDrive/Desktop/virtual-notes2/vendor/laravel/framework/src/Illuminate/Console/Command.php(280): Illuminate/Container/Container->call()
#11 C:/Users/thiag/OneDrive/Desktop/virtual-notes2/vendor/symfony/console/Command/Command.php(291): Illuminate/Console/Command->execute()
#12 C:/Users/thiag/OneDrive/Desktop/virtual-notes2/vendor/laravel/framework/src/Illuminate/Console/Command.php(249): Symfony/Component/Console/Command/Command->run()
#13 C:/Users/thiag/OneDrive/Desktop/virtual-notes2/vendor/symfony/console/Application.php(1107): Illuminate/Console/Command->run()
#14 C:/Users/thiag/OneDrive/Desktop/virtual-notes2/vendor/symfony/console/Application.php(356): Symfony/Component/Console/Application->doRunCommand()
#15 C:/Users/thiag/OneDrive/Desktop/virtual-notes2/vendor/symfony/console/Application.php(195): Symfony/Component/Console/Application->doRun()
#16 C:/Users/thiag/OneDrive/Desktop/virtual-notes2/vendor/laravel/framework/src/Illuminate/Foundation/Console/Kernel.php(198): Symfony/Component/Console/Application->run()
#17 C:/Users/thiag/OneDrive/Desktop/virtual-notes2/vendor/laravel/framework/src/Illuminate/Foundation/Application.php(1235): Illuminate/Foundation/Console/Kernel->handle()
#18 C:/Users/thiag/OneDrive/Desktop/virtual-notes2/artisan(16): Illuminate/Foundation/Application->handleCommand()
#19 {main}
"} 
[2026-08-10 02:45:31] local.ERROR: file_get_contents(C:\Users\thiag\OneDrive\Desktop\virtual-notes2\resources\js\actions\App\Http\Controllers\UserController.ts): Failed to open stream: No such file or directory {"exception":"[object] (ErrorException(code: 0): file_get_contents(C:\\Users\\thiag\\OneDrive\\Desktop\\virtual-notes2\\resources\\js\\actions\\App\\Http\\Controllers\\UserController.ts): Failed to open stream: No such file or directory at C:/Users/thiag/OneDrive/Desktop/virtual-notes2/vendor/laravel/framework/src/Illuminate/Filesystem/Filesystem.php:55)
[stacktrace]
#0 C:/Users/thiag/OneDrive/Desktop/virtual-notes2/vendor/laravel/framework/src/Illuminate/Foundation/Bootstrap/HandleExceptions.php(258): Illuminate/Foundation/Bootstrap/HandleExceptions->handleError()
#1 [internal function]: Illuminate/Foundation/Bootstrap/HandleExceptions->{closure:Illuminate/Foundation/Bootstrap/HandleExceptions::forwardsTo():257}()
#2 C:/Users/thiag/OneDrive/Desktop/virtual-notes2/vendor/laravel/framework/src/Illuminate/Filesystem/Filesystem.php(55): file_get_contents()
#3 C:/Users/thiag/OneDrive/Desktop/virtual-notes2/vendor/laravel/framework/src/Illuminate/Filesystem/Filesystem.php(259): Illuminate/Filesystem/Filesystem->get()
#4 C:/Users/thiag/OneDrive/Desktop/virtual-notes2/vendor/laravel/wayfinder/src/GenerateCommand.php(133): Illuminate/Filesystem/Filesystem->prepend()
#5 C:/Users/thiag/OneDrive/Desktop/virtual-notes2/vendor/laravel/wayfinder/src/GenerateCommand.php(82): Laravel/Wayfinder/GenerateCommand->writeContent()
#6 C:/Users/thiag/OneDrive/Desktop/virtual-notes2/vendor/laravel/framework/src/Illuminate/Container/BoundMethod.php(36): Laravel/Wayfinder/GenerateCommand->handle()
#7 C:/Users/thiag/OneDrive/Desktop/virtual-notes2/vendor/laravel/framework/src/Illuminate/Container/Util.php(43): Illuminate/Container/BoundMethod::{closure:Illuminate/Container/BoundMethod::call():35}()
#8 C:/Users/thiag/OneDrive/Desktop/virtual-notes2/vendor/laravel/framework/src/Illuminate/Container/BoundMethod.php(96): Illuminate/Container/Util::unwrapIfClosure()
#9 C:/Users/thiag/OneDrive/Desktop/virtual-notes2/vendor/laravel/framework/src/Illuminate/Container/BoundMethod.php(35): Illuminate/Container/BoundMethod::callBoundMethod()
#10 C:/Users/thiag/OneDrive/Desktop/virtual-notes2/vendor/laravel/framework/src/Illuminate/Container/Container.php(799): Illuminate/Container/BoundMethod::call()
#11 C:/Users/thiag/OneDrive/Desktop/virtual-notes2/vendor/laravel/framework/src/Illuminate/Console/Command.php(280): Illuminate/Container/Container->call()
#12 C:/Users/thiag/OneDrive/Desktop/virtual-notes2/vendor/symfony/console/Command/Command.php(291): Illuminate/Console/Command->execute()
#13 C:/Users/thiag/OneDrive/Desktop/virtual-notes2/vendor/laravel/framework/src/Illuminate/Console/Command.php(249): Symfony/Component/Console/Command/Command->run()
#14 C:/Users/thiag/OneDrive/Desktop/virtual-notes2/vendor/symfony/console/Application.php(1107): Illuminate/Console/Command->run()
#15 C:/Users/thiag/OneDrive/Desktop/virtual-notes2/vendor/symfony/console/Application.php(356): Symfony/Component/Console/Application->doRunCommand()
#16 C:/Users/thiag/OneDrive/Desktop/virtual-notes2/vendor/symfony/console/Application.php(195): Symfony/Component/Console/Application->doRun()
#17 C:/Users/thiag/OneDrive/Desktop/virtual-notes2/vendor/laravel/framework/src/Illuminate/Foundation/Console/Kernel.php(198): Symfony/Component/Console/Application->run()
#18 C:/Users/thiag/OneDrive/Desktop/virtual-notes2/vendor/laravel/framework/src/Illuminate/Foundation/Application.php(1235): Illuminate/Foundation/Console/Kernel->handle()
#19 C:/Users/thiag/OneDrive/Desktop/virtual-notes2/artisan(16): Illuminate/Foundation/Application->handleCommand()
#20 {main}
"} 
[2026-08-10 02:45:34] local.ERROR: file_put_contents(C:\Users\thiag\OneDrive\Desktop\virtual-notes2\resources\js\actions\Laravel\Fortify\Http\Controllers\EmailVerificationPromptController.ts): Failed to open stream: Permission denied {"exception":"[object] (ErrorException(code: 0): file_put_contents(C:\\Users\\thiag\\OneDrive\\Desktop\\virtual-notes2\\resources\\js\\actions\\Laravel\\Fortify\\Http\\Controllers\\EmailVerificationPromptController.ts): Failed to open stream: Permission denied at C:/Users/thiag/OneDrive/Desktop/virtual-notes2/vendor/laravel/framework/src/Illuminate/Filesystem/Filesystem.php:204)
[stacktrace]
#0 C:/Users/thiag/OneDrive/Desktop/virtual-notes2/vendor/laravel/framework/src/Illuminate/Foundation/Bootstrap/HandleExceptions.php(258): Illuminate/Foundation/Bootstrap/HandleExceptions->handleError()
#1 [internal function]: Illuminate/Foundation/Bootstrap/HandleExceptions->{closure:Illuminate/Foundation/Bootstrap/HandleExceptions::forwardsTo():257}()
#2 C:/Users/thiag/OneDrive/Desktop/virtual-notes2/vendor/laravel/framework/src/Illuminate/Filesystem/Filesystem.php(204): file_put_contents()
#3 C:/Users/thiag/OneDrive/Desktop/virtual-notes2/vendor/laravel/wayfinder/src/GenerateCommand.php(128): Illuminate/Filesystem/Filesystem->put()
#4 C:/Users/thiag/OneDrive/Desktop/virtual-notes2/vendor/laravel/wayfinder/src/GenerateCommand.php(82): Laravel/Wayfinder/GenerateCommand->writeContent()
#5 C:/Users/thiag/OneDrive/Desktop/virtual-notes2/vendor/laravel/framework/src/Illuminate/Container/BoundMethod.php(36): Laravel/Wayfinder/GenerateCommand->handle()
#6 C:/Users/thiag/OneDrive/Desktop/virtual-notes2/vendor/laravel/framework/src/Illuminate/Container/Util.php(43): Illuminate/Container/BoundMethod::{closure:Illuminate/Container/BoundMethod::call():35}()
#7 C:/Users/thiag/OneDrive/Desktop/virtual-notes2/vendor/laravel/framework/src/Illuminate/Container/BoundMethod.php(96): Illuminate/Container/Util::unwrapIfClosure()
#8 C:/Users/thiag/OneDrive/Desktop/virtual-notes2/vendor/laravel/framework/src/Illuminate/Container/BoundMethod.php(35): Illuminate/Container/BoundMethod::callBoundMethod()
#9 C:/Users/thiag/OneDrive/Desktop/virtual-notes2/vendor/laravel/framework/src/Illuminate/Container/Container.php(799): Illuminate/Container/BoundMethod::call()
#10 C:/Users/thiag/OneDrive/Desktop/virtual-notes2/vendor/laravel/framework/src/Illuminate/Console/Command.php(280): Illuminate/Container/Container->call()
#11 C:/Users/thiag/OneDrive/Desktop/virtual-notes2/vendor/symfony/console/Command/Command.php(291): Illuminate/Console/Command->execute()
#12 C:/Users/thiag/OneDrive/Desktop/virtual-notes2/vendor/laravel/framework/src/Illuminate/Console/Command.php(249): Symfony/Component/Console/Command/Command->run()
#13 C:/Users/thiag/OneDrive/Desktop/virtual-notes2/vendor/symfony/console/Application.php(1107): Illuminate/Console/Command->run()
#14 C:/Users/thiag/OneDrive/Desktop/virtual-notes2/vendor/symfony/console/Application.php(356): Symfony/Component/Console/Application->doRunCommand()
#15 C:/Users/thiag/OneDrive/Desktop/virtual-notes2/vendor/symfony/console/Application.php(195): Symfony/Component/Console/Application->doRun()
#16 C:/Users/thiag/OneDrive/Desktop/virtual-notes2/vendor/laravel/framework/src/Illuminate/Foundation/Console/Kernel.php(198): Symfony/Component/Console/Application->run()
#17 C:/Users/thiag/OneDrive/Desktop/virtual-notes2/vendor/laravel/framework/src/Illuminate/Foundation/Application.php(1235): Illuminate/Foundation/Console/Kernel->handle()
#18 C:/Users/thiag/OneDrive/Desktop/virtual-notes2/artisan(16): Illuminate/Foundation/Application->handleCommand()
#19 {main}
"} 
[2026-08-10 02:45:36] local.ERROR: FilesystemIterator::__construct(C:\Users\thiag\OneDrive\Desktop\virtual-notes2\resources\js\actions\App): O sistema não pode encontrar o caminho especifica (code: 3) {"exception":"[object] (UnexpectedValueException(code: 0): FilesystemIterator::__construct(C:\\Users\\thiag\\OneDrive\\Desktop\\virtual-notes2\\resources\\js\\actions\\App): O sistema não pode encontrar o caminho especifica (code: 3) at C:/Users/thiag/OneDrive/Desktop/virtual-notes2/vendor/laravel/framework/src/Illuminate/Filesystem/Filesystem.php:745)
[stacktrace]
#0 C:/Users/thiag/OneDrive/Desktop/virtual-notes2/vendor/laravel/framework/src/Illuminate/Filesystem/Filesystem.php(745): FilesystemIterator->__construct()
#1 C:/Users/thiag/OneDrive/Desktop/virtual-notes2/vendor/laravel/framework/src/Illuminate/Filesystem/Filesystem.php(752): Illuminate/Filesystem/Filesystem->deleteDirectory()
#2 C:/Users/thiag/OneDrive/Desktop/virtual-notes2/vendor/laravel/wayfinder/src/GenerateCommand.php(75): Illuminate/Filesystem/Filesystem->deleteDirectory()
#3 C:/Users/thiag/OneDrive/Desktop/virtual-notes2/vendor/laravel/framework/src/Illuminate/Container/BoundMethod.php(36): Laravel/Wayfinder/GenerateCommand->handle()
#4 C:/Users/thiag/OneDrive/Desktop/virtual-notes2/vendor/laravel/framework/src/Illuminate/Container/Util.php(43): Illuminate/Container/BoundMethod::{closure:Illuminate/Container/BoundMethod::call():35}()
#5 C:/Users/thiag/OneDrive/Desktop/virtual-notes2/vendor/laravel/framework/src/Illuminate/Container/BoundMethod.php(96): Illuminate/Container/Util::unwrapIfClosure()
#6 C:/Users/thiag/OneDrive/Desktop/virtual-notes2/vendor/laravel/framework/src/Illuminate/Container/BoundMethod.php(35): Illuminate/Container/BoundMethod::callBoundMethod()
#7 C:/Users/thiag/OneDrive/Desktop/virtual-notes2/vendor/laravel/framework/src/Illuminate/Container/Container.php(799): Illuminate/Container/BoundMethod::call()
#8 C:/Users/thiag/OneDrive/Desktop/virtual-notes2/vendor/laravel/framework/src/Illuminate/Console/Command.php(280): Illuminate/Container/Container->call()
#9 C:/Users/thiag/OneDrive/Desktop/virtual-notes2/vendor/symfony/console/Command/Command.php(291): Illuminate/Console/Command->execute()
#10 C:/Users/thiag/OneDrive/Desktop/virtual-notes2/vendor/laravel/framework/src/Illuminate/Console/Command.php(249): Symfony/Component/Console/Command/Command->run()
#11 C:/Users/thiag/OneDrive/Desktop/virtual-notes2/vendor/symfony/console/Application.php(1107): Illuminate/Console/Command->run()
#12 C:/Users/thiag/OneDrive/Desktop/virtual-notes2/vendor/symfony/console/Application.php(356): Symfony/Component/Console/Application->doRunCommand()
#13 C:/Users/thiag/OneDrive/Desktop/virtual-notes2/vendor/symfony/console/Application.php(195): Symfony/Component/Console/Application->doRun()
#14 C:/Users/thiag/OneDrive/Desktop/virtual-notes2/vendor/laravel/framework/src/Illuminate/Foundation/Console/Kernel.php(198): Symfony/Component/Console/Application->run()
#15 C:/Users/thiag/OneDrive/Desktop/virtual-notes2/vendor/laravel/framework/src/Illuminate/Foundation/Application.php(1235): Illuminate/Foundation/Console/Kernel->handle()
#16 C:/Users/thiag/OneDrive/Desktop/virtual-notes2/artisan(16): Illuminate/Foundation/Application->handleCommand()
#17 {main}
"} 
[2026-08-10 02:45:37] local.ERROR: mkdir(): File exists {"exception":"[object] (ErrorException(code: 0): mkdir(): File exists at C:/Users/thiag/OneDrive/Desktop/virtual-notes2/vendor/laravel/framework/src/Illuminate/Filesystem/Filesystem.php:662)
[stacktrace]
#0 C:/Users/thiag/OneDrive/Desktop/virtual-notes2/vendor/laravel/framework/src/Illuminate/Foundation/Bootstrap/HandleExceptions.php(258): Illuminate/Foundation/Bootstrap/HandleExceptions->handleError()
#1 [internal function]: Illuminate/Foundation/Bootstrap/HandleExceptions->{closure:Illuminate/Foundation/Bootstrap/HandleExceptions::forwardsTo():257}()
#2 C:/Users/thiag/OneDrive/Desktop/virtual-notes2/vendor/laravel/framework/src/Illuminate/Filesystem/Filesystem.php(662): mkdir()
#3 C:/Users/thiag/OneDrive/Desktop/virtual-notes2/vendor/laravel/framework/src/Illuminate/Filesystem/Filesystem.php(643): Illuminate/Filesystem/Filesystem->makeDirectory()
#4 C:/Users/thiag/OneDrive/Desktop/virtual-notes2/vendor/laravel/wayfinder/src/GenerateCommand.php(127): Illuminate/Filesystem/Filesystem->ensureDirectoryExists()
#5 C:/Users/thiag/OneDrive/Desktop/virtual-notes2/vendor/laravel/wayfinder/src/GenerateCommand.php(82): Laravel/Wayfinder/GenerateCommand->writeContent()
#6 C:/Users/thiag/OneDrive/Desktop/virtual-notes2/vendor/laravel/framework/src/Illuminate/Container/BoundMethod.php(36): Laravel/Wayfinder/GenerateCommand->handle()
#7 C:/Users/thiag/OneDrive/Desktop/virtual-notes2/vendor/laravel/framework/src/Illuminate/Container/Util.php(43): Illuminate/Container/BoundMethod::{closure:Illuminate/Container/BoundMethod::call():35}()
#8 C:/Users/thiag/OneDrive/Desktop/virtual-notes2/vendor/laravel/framework/src/Illuminate/Container/BoundMethod.php(96): Illuminate/Container/Util::unwrapIfClosure()
#9 C:/Users/thiag/OneDrive/Desktop/virtual-notes2/vendor/laravel/framework/src/Illuminate/Container/BoundMethod.php(35): Illuminate/Container/BoundMethod::callBoundMethod()
#10 C:/Users/thiag/OneDrive/Desktop/virtual-notes2/vendor/laravel/framework/src/Illuminate/Container/Container.php(799): Illuminate/Container/BoundMethod::call()
#11 C:/Users/thiag/OneDrive/Desktop/virtual-notes2/vendor/laravel/framework/src/Illuminate/Console/Command.php(280): Illuminate/Container/Container->call()
#12 C:/Users/thiag/OneDrive/Desktop/virtual-notes2/vendor/symfony/console/Command/Command.php(291): Illuminate/Console/Command->execute()
#13 C:/Users/thiag/OneDrive/Desktop/virtual-notes2/vendor/laravel/framework/src/Illuminate/Console/Command.php(249): Symfony/Component/Console/Command/Command->run()
#14 C:/Users/thiag/OneDrive/Desktop/virtual-notes2/vendor/symfony/console/Application.php(1107): Illuminate/Console/Command->run()
#15 C:/Users/thiag/OneDrive/Desktop/virtual-notes2/vendor/symfony/console/Application.php(356): Symfony/Component/Console/Application->doRunCommand()
#16 C:/Users/thiag/OneDrive/Desktop/virtual-notes2/vendor/symfony/console/Application.php(195): Symfony/Component/Console/Application->doRun()
#17 C:/Users/thiag/OneDrive/Desktop/virtual-notes2/vendor/laravel/framework/src/Illuminate/Foundation/Console/Kernel.php(198): Symfony/Component/Console/Application->run()
#18 C:/Users/thiag/OneDrive/Desktop/virtual-notes2/vendor/laravel/framework/src/Illuminate/Foundation/Application.php(1235): Illuminate/Foundation/Console/Kernel->handle()
#19 C:/Users/thiag/OneDrive/Desktop/virtual-notes2/artisan(16): Illuminate/Foundation/Application->handleCommand()
#20 {main}
"} 
[2026-08-10 03:04:54] local.INFO: Chamado created from dashboard {"id":1,"setor":"gdfgg"} 
[2026-08-10 03:04:59] local.INFO: Chamado updated {"id":1,"changes":{"laudo_tecnico":"gfdgdgdfg"}} 
[2026-08-10 03:05:06] local.INFO: Chamado updated {"id":1,"changes":{"status":"em_andamento"}} 
[2026-08-10 03:05:10] local.INFO: Chamado updated {"id":1,"changes":{"status":"fechado"}} 
[2026-08-10 15:13:29] local.ERROR: SQLSTATE[42S02]: Base table or view not found: 1146 Table 'todo_list.clientes' doesn't exist (Connection: mysql, Host: 127.0.0.1, Port: 3306, Database: todo_list, SQL: select * from `clientes` order by `nome` asc) {"userId":1,"exception":"[object] (Illuminate\\Database\\QueryException(code: 42S02): SQLSTATE[42S02]: Base table or view not found: 1146 Table 'todo_list.clientes' doesn't exist (Connection: mysql, Host: 127.0.0.1, Port: 3306, Database: todo_list, SQL: select * from `clientes` order by `nome` asc) at C:/Users/thiag/OneDrive/Desktop/virtual-notes2/vendor/laravel/framework/src/Illuminate/Database/Connection.php:841)
[stacktrace]
#0 C:/Users/thiag/OneDrive/Desktop/virtual-notes2/vendor/laravel/framework/src/Illuminate/Database/Connection.php(797): Illuminate/Database/Connection->runQueryCallback()
#1 C:/Users/thiag/OneDrive/Desktop/virtual-notes2/vendor/laravel/framework/src/Illuminate/Database/Connection.php(412): Illuminate/Database/Connection->run()
#2 C:/Users/thiag/OneDrive/Desktop/virtual-notes2/vendor/laravel/framework/src/Illuminate/Database/Query/Builder.php(3562): Illuminate/Database/Connection->select()
#3 C:/Users/thiag/OneDrive/Desktop/virtual-notes2/vendor/laravel/framework/src/Illuminate/Database/Query/Builder.php(3546): Illuminate/Database/Query/Builder->runSelect()
#4 C:/Users/thiag/OneDrive/Desktop/virtual-notes2/vendor/laravel/framework/src/Illuminate/Database/Eloquent/Builder.php(907): Illuminate/Database/Query/Builder->get()
#5 C:/Users/thiag/OneDrive/Desktop/virtual-notes2/vendor/laravel/framework/src/Illuminate/Database/Eloquent/Builder.php(889): Illuminate/Database/Eloquent/Builder->getModels()
#6 C:/Users/thiag/OneDrive/Desktop/virtual-notes2/app/Services/ClienteService.php(11): Illuminate/Database/Eloquent/Builder->get()
#7 C:/Users/thiag/OneDrive/Desktop/virtual-notes2/app/Http/Controllers/ClienteListController.php(14): App/Services/ClienteService->list()
#8 C:/Users/thiag/OneDrive/Desktop/virtual-notes2/vendor/laravel/framework/src/Illuminate/Routing/ControllerDispatcher.php(46): App/Http/Controllers/ClienteListController->showList()
#9 C:/Users/thiag/OneDrive/Desktop/virtual-notes2/vendor/laravel/framework/src/Illuminate/Routing/Route.php(269): Illuminate/Routing/ControllerDispatcher->dispatch()
#10 C:/Users/thiag/OneDrive/Desktop/virtual-notes2/vendor/laravel/framework/src/Illuminate/Routing/Route.php(215): Illuminate/Routing/Route->runController()
#11 C:/Users/thiag/OneDrive/Desktop/virtual-notes2/vendor/laravel/framework/src/Illuminate/Routing/Router.php(822): Illuminate/Routing/Route->run()
#12 C:/Users/thiag/OneDrive/Desktop/virtual-notes2/vendor/laravel/framework/src/Illuminate/Pipeline/Pipeline.php(180): Illuminate/Routing/Router->{closure:Illuminate/Routing/Router::runRouteWithinStack():821}()
#13 C:/Users/thiag/OneDrive/Desktop/virtual-notes2/vendor/laravel/framework/src/Illuminate/Auth/Middleware/EnsureEmailIsVerified.php(41): Illuminate/Pipeline/Pipeline->{closure:Illuminate/Pipeline/Pipeline::prepareDestination():178}()
#14 C:/Users/thiag/OneDrive/Desktop/virtual-notes2/vendor/laravel/framework/src/Illuminate/Pipeline/Pipeline.php(219): Illuminate/Auth/Middleware/EnsureEmailIsVerified->handle()
#15 C:/Users/thiag/OneDrive/Desktop/virtual-notes2/vendor/laravel/framework/src/Illuminate/Http/Middleware/AddLinkHeadersForPreloadedAssets.php(32): Illuminate/Pipeline/Pipeline->{closure:{closure:Illuminate/Pipeline/Pipeline::carry():194}:195}()
#16 C:/Users/thiag/OneDrive/Desktop/virtual-notes2/vendor/laravel/framework/src/Illuminate/Pipeline/Pipeline.php(219): Illuminate/Http/Middleware/AddLinkHeadersForPreloadedAssets->handle()
#17 C:/Users/thiag/OneDrive/Desktop/virtual-notes2/vendor/inertiajs/inertia-laravel/src/Middleware.php(122): Illuminate/Pipeline/Pipeline->{closure:{closure:Illuminate/Pipeline/Pipeline::carry():194}:195}()
#18 C:/Users/thiag/OneDrive/Desktop/virtual-notes2/vendor/laravel/framework/src/Illuminate/Pipeline/Pipeline.php(219): Inertia/Middleware->handle()
#19 C:/Users/thiag/OneDrive/Desktop/virtual-notes2/app/Http/Middleware/HandleAppearance.php(21): Illuminate/Pipeline/Pipeline->{closure:{closure:Illuminate/Pipeline/Pipeline::carry():194}:195}()
#20 C:/Users/thiag/OneDrive/Desktop/virtual-notes2/vendor/laravel/framework/src/Illuminate/Pipeline/Pipeline.php(219): App/Http/Middleware/HandleAppearance->handle()
#21 C:/Users/thiag/OneDrive/Desktop/virtual-notes2/vendor/laravel/framework/src/Illuminate/Routing/Middleware/SubstituteBindings.php(52): Illuminate/Pipeline/Pipeline->{closure:{closure:Illuminate/Pipeline/Pipeline::carry():194}:195}()
#22 C:/Users/thiag/OneDrive/Desktop/virtual-notes2/vendor/laravel/framework/src/Illuminate/Pipeline/Pipeline.php(219): Illuminate/Routing/Middleware/SubstituteBindings->handle()
#23 C:/Users/thiag/OneDrive/Desktop/virtual-notes2/vendor/laravel/framework/src/Illuminate/Auth/Middleware/Authenticate.php(63): Illuminate/Pipeline/Pipeline->{closure:{closure:Illuminate/Pipeline/Pipeline::carry():194}:195}()
#24 C:/Users/thiag/OneDrive/Desktop/virtual-notes2/vendor/laravel/framework/src/Illuminate/Pipeline/Pipeline.php(219): Illuminate/Auth/Middleware/Authenticate->handle()
#25 C:/Users/thiag/OneDrive/Desktop/virtual-notes2/vendor/laravel/framework/src/Illuminate/Foundation/Http/Middleware/PreventRequestForgery.php(104): Illuminate/Pipeline/Pipeline->{closure:{closure:Illuminate/Pipeline/Pipeline::carry():194}:195}()
#26 C:/Users/thiag/OneDrive/Desktop/virtual-notes2/vendor/laravel/framework/src/Illuminate/Pipeline/Pipeline.php(219): Illuminate/Foundation/Http/Middleware/PreventRequestForgery->handle()
#27 C:/Users/thiag/OneDrive/Desktop/virtual-notes2/vendor/laravel/framework/src/Illuminate/View/Middleware/ShareErrorsFromSession.php(48): Illuminate/Pipeline/Pipeline->{closure:{closure:Illuminate/Pipeline/Pipeline::carry():194}:195}()
#28 C:/Users/thiag/OneDrive/Desktop/virtual-notes2/vendor/laravel/framework/src/Illuminate/Pipeline/Pipeline.php(219): Illuminate/View/Middleware/ShareErrorsFromSession->handle()
#29 C:/Users/thiag/OneDrive/Desktop/virtual-notes2/vendor/laravel/framework/src/Illuminate/Session/Middleware/StartSession.php(120): Illuminate/Pipeline/Pipeline->{closure:{closure:Illuminate/Pipeline/Pipeline::carry():194}:195}()
#30 C:/Users/thiag/OneDrive/Desktop/virtual-notes2/vendor/laravel/framework/src/Illuminate/Session/Middleware/StartSession.php(63): Illuminate/Session/Middleware/StartSession->handleStatefulRequest()
#31 C:/Users/thiag/OneDrive/Desktop/virtual-notes2/vendor/laravel/framework/src/Illuminate/Pipeline/Pipeline.php(219): Illuminate/Session/Middleware/StartSession->handle()
#32 C:/Users/thiag/OneDrive/Desktop/virtual-notes2/vendor/laravel/framework/src/Illuminate/Cookie/Middleware/AddQueuedCookiesToResponse.php(36): Illuminate/Pipeline/Pipeline->{closure:{closure:Illuminate/Pipeline/Pipeline::carry():194}:195}()
#33 C:/Users/thiag/OneDrive/Desktop/virtual-notes2/vendor/laravel/framework/src/Illuminate/Pipeline/Pipeline.php(219): Illuminate/Cookie/Middleware/AddQueuedCookiesToResponse->handle()
#34 C:/Users/thiag/OneDrive/Desktop/virtual-notes2/vendor/laravel/framework/src/Illuminate/Cookie/Middleware/EncryptCookies.php(74): Illuminate/Pipeline/Pipeline->{closure:{closure:Illuminate/Pipeline/Pipeline::carry():194}:195}()
#35 C:/Users/thiag/OneDrive/Desktop/virtual-notes2/vendor/laravel/framework/src/Illuminate/Pipeline/Pipeline.php(219): Illuminate/Cookie/Middleware/EncryptCookies->handle()
#36 C:/Users/thiag/OneDrive/Desktop/virtual-notes2/vendor/laravel/framework/src/Illuminate/Pipeline/Pipeline.php(137): Illuminate/Pipeline/Pipeline->{closure:{closure:Illuminate/Pipeline/Pipeline::carry():194}:195}()
#37 C:/Users/thiag/OneDrive/Desktop/virtual-notes2/vendor/laravel/framework/src/Illuminate/Routing/Router.php(821): Illuminate/Pipeline/Pipeline->then()
#38 C:/Users/thiag/OneDrive/Desktop/virtual-notes2/vendor/laravel/framework/src/Illuminate/Routing/Router.php(800): Illuminate/Routing/Router->runRouteWithinStack()
#39 C:/Users/thiag/OneDrive/Desktop/virtual-notes2/vendor/laravel/framework/src/Illuminate/Routing/Router.php(764): Illuminate/Routing/Router->runRoute()
#40 C:/Users/thiag/OneDrive/Desktop/virtual-notes2/vendor/laravel/framework/src/Illuminate/Routing/Router.php(753): Illuminate/Routing/Router->dispatchToRoute()
#41 C:/Users/thiag/OneDrive/Desktop/virtual-notes2/vendor/laravel/framework/src/Illuminate/Foundation/Http/Kernel.php(200): Illuminate/Routing/Router->dispatch()
#42 C:/Users/thiag/OneDrive/Desktop/virtual-notes2/vendor/laravel/framework/src/Illuminate/Pipeline/Pipeline.php(180): Illuminate/Foundation/Http/Kernel->{closure:Illuminate/Foundation/Http/Kernel::dispatchToRouter():197}()
#43 C:/Users/thiag/OneDrive/Desktop/virtual-notes2/vendor/laravel/framework/src/Illuminate/Foundation/Http/Middleware/TransformsRequest.php(21): Illuminate/Pipeline/Pipeline->{closure:Illuminate/Pipeline/Pipeline::prepareDestination():178}()
#44 C:/Users/thiag/OneDrive/Desktop/virtual-notes2/vendor/laravel/framework/src/Illuminate/Foundation/Http/Middleware/ConvertEmptyStringsToNull.php(31): Illuminate/Foundation/Http/Middleware/TransformsRequest->handle()
#45 C:/Users/thiag/OneDrive/Desktop/virtual-notes2/vendor/laravel/framework/src/Illuminate/Pipeline/Pipeline.php(219): Illuminate/Foundation/Http/Middleware/ConvertEmptyStringsToNull->handle()
#46 C:/Users/thiag/OneDrive/Desktop/virtual-notes2/vendor/laravel/framework/src/Illuminate/Foundation/Http/Middleware/TransformsRequest.php(21): Illuminate/Pipeline/Pipeline->{closure:{closure:Illuminate/Pipeline/Pipeline::carry():194}:195}()
#47 C:/Users/thiag/OneDrive/Desktop/virtual-notes2/vendor/laravel/framework/src/Illuminate/Foundation/Http/Middleware/TrimStrings.php(51): Illuminate/Foundation/Http/Middleware/TransformsRequest->handle()
#48 C:/Users/thiag/OneDrive/Desktop/virtual-notes2/vendor/laravel/framework/src/Illuminate/Pipeline/Pipeline.php(219): Illuminate/Foundation/Http/Middleware/TrimStrings->handle()
#49 C:/Users/thiag/OneDrive/Desktop/virtual-notes2/vendor/laravel/framework/src/Illuminate/Http/Middleware/ValidatePostSize.php(27): Illuminate/Pipeline/Pipeline->{closure:{closure:Illuminate/Pipeline/Pipeline::carry():194}:195}()
#50 C:/Users/thiag/OneDrive/Desktop/virtual-notes2/vendor/laravel/framework/src/Illuminate/Pipeline/Pipeline.php(219): Illuminate/Http/Middleware/ValidatePostSize->handle()
#51 C:/Users/thiag/OneDrive/Desktop/virtual-notes2/vendor/laravel/framework/src/Illuminate/Foundation/Http/Middleware/PreventRequestsDuringMaintenance.php(109): Illuminate/Pipeline/Pipeline->{closure:{closure:Illuminate/Pipeline/Pipeline::carry():194}:195}()
#52 C:/Users/thiag/OneDrive/Desktop/virtual-notes2/vendor/laravel/framework/src/Illuminate/Pipeline/Pipeline.php(219): Illuminate/Foundation/Http/Middleware/PreventRequestsDuringMaintenance->handle()
#53 C:/Users/thiag/OneDrive/Desktop/virtual-notes2/vendor/laravel/framework/src/Illuminate/Http/Middleware/HandleCors.php(61): Illuminate/Pipeline/Pipeline->{closure:{closure:Illuminate/Pipeline/Pipeline::carry():194}:195}()
#54 C:/Users/thiag/OneDrive/Desktop/virtual-notes2/vendor/laravel/framework/src/Illuminate/Pipeline/Pipeline.php(219): Illuminate/Http/Middleware/HandleCors->handle()
#55 C:/Users/thiag/OneDrive/Desktop/virtual-notes2/vendor/laravel/framework/src/Illuminate/Http/Middleware/TrustProxies.php(58): Illuminate/Pipeline/Pipeline->{closure:{closure:Illuminate/Pipeline/Pipeline::carry():194}:195}()
#56 C:/Users/thiag/OneDrive/Desktop/virtual-notes2/vendor/laravel/framework/src/Illuminate/Pipeline/Pipeline.php(219): Illuminate/Http/Middleware/TrustProxies->handle()
#57 C:/Users/thiag/OneDrive/Desktop/virtual-notes2/vendor/laravel/framework/src/Illuminate/Foundation/Http/Middleware/InvokeDeferredCallbacks.php(22): Illuminate/Pipeline/Pipeline->{closure:{closure:Illuminate/Pipeline/Pipeline::carry():194}:195}()
#58 C:/Users/thiag/OneDrive/Desktop/virtual-notes2/vendor/laravel/framework/src/Illuminate/Pipeline/Pipeline.php(219): Illuminate/Foundation/Http/Middleware/InvokeDeferredCallbacks->handle()
#59 C:/Users/thiag/OneDrive/Desktop/virtual-notes2/vendor/laravel/framework/src/Illuminate/Http/Middleware/ValidatePathEncoding.php(28): Illuminate/Pipeline/Pipeline->{closure:{closure:Illuminate/Pipeline/Pipeline::carry():194}:195}()
#60 C:/Users/thiag/OneDrive/Desktop/virtual-notes2/vendor/laravel/framework/src/Illuminate/Pipeline/Pipeline.php(219): Illuminate/Http/Middleware/ValidatePathEncoding->handle()
#61 C:/Users/thiag/OneDrive/Desktop/virtual-notes2/vendor/laravel/framework/src/Illuminate/Pipeline/Pipeline.php(137): Illuminate/Pipeline/Pipeline->{closure:{closure:Illuminate/Pipeline/Pipeline::carry():194}:195}()
#62 C:/Users/thiag/OneDrive/Desktop/virtual-notes2/vendor/laravel/framework/src/Illuminate/Foundation/Http/Kernel.php(175): Illuminate/Pipeline/Pipeline->then()
#63 C:/Users/thiag/OneDrive/Desktop/virtual-notes2/vendor/laravel/framework/src/Illuminate/Foundation/Http/Kernel.php(144): Illuminate/Foundation/Http/Kernel->sendRequestThroughRouter()
#64 C:/Users/thiag/OneDrive/Desktop/virtual-notes2/vendor/laravel/framework/src/Illuminate/Foundation/Application.php(1220): Illuminate/Foundation/Http/Kernel->handle()
#65 C:/Users/thiag/OneDrive/Desktop/virtual-notes2/public/index.php(20): Illuminate/Foundation/Application->handleRequest()
#66 C:/Users/thiag/OneDrive/Desktop/virtual-notes2/vendor/laravel/framework/src/Illuminate/Foundation/resources/server.php(23): require_once('...')
#67 {main}

[previous exception] [object] (PDOException(code: 42S02): SQLSTATE[42S02]: Base table or view not found: 1146 Table 'todo_list.clientes' doesn't exist at C:/Users/thiag/OneDrive/Desktop/virtual-notes2/vendor/laravel/framework/src/Illuminate/Database/Connection.php:421)
[stacktrace]
#0 C:/Users/thiag/OneDrive/Desktop/virtual-notes2/vendor/laravel/framework/src/Illuminate/Database/Connection.php(421): PDO->prepare()
#1 C:/Users/thiag/OneDrive/Desktop/virtual-notes2/vendor/laravel/framework/src/Illuminate/Database/Connection.php(830): Illuminate/Database/Connection->{closure:Illuminate/Database/Connection::select():412}()
#2 C:/Users/thiag/OneDrive/Desktop/virtual-notes2/vendor/laravel/framework/src/Illuminate/Database/Connection.php(797): Illuminate/Database/Connection->runQueryCallback()
#3 C:/Users/thiag/OneDrive/Desktop/virtual-notes2/vendor/laravel/framework/src/Illuminate/Database/Connection.php(412): Illuminate/Database/Connection->run()
#4 C:/Users/thiag/OneDrive/Desktop/virtual-notes2/vendor/laravel/framework/src/Illuminate/Database/Query/Builder.php(3562): Illuminate/Database/Connection->select()
#5 C:/Users/thiag/OneDrive/Desktop/virtual-notes2/vendor/laravel/framework/src/Illuminate/Database/Query/Builder.php(3546): Illuminate/Database/Query/Builder->runSelect()
#6 C:/Users/thiag/OneDrive/Desktop/virtual-notes2/vendor/laravel/framework/src/Illuminate/Database/Eloquent/Builder.php(907): Illuminate/Database/Query/Builder->get()
#7 C:/Users/thiag/OneDrive/Desktop/virtual-notes2/vendor/laravel/framework/src/Illuminate/Database/Eloquent/Builder.php(889): Illuminate/Database/Eloquent/Builder->getModels()
#8 C:/Users/thiag/OneDrive/Desktop/virtual-notes2/app/Services/ClienteService.php(11): Illuminate/Database/Eloquent/Builder->get()
#9 C:/Users/thiag/OneDrive/Desktop/virtual-notes2/app/Http/Controllers/ClienteListController.php(14): App/Services/ClienteService->list()
#10 C:/Users/thiag/OneDrive/Desktop/virtual-notes2/vendor/laravel/framework/src/Illuminate/Routing/ControllerDispatcher.php(46): App/Http/Controllers/ClienteListController->showList()
#11 C:/Users/thiag/OneDrive/Desktop/virtual-notes2/vendor/laravel/framework/src/Illuminate/Routing/Route.php(269): Illuminate/Routing/ControllerDispatcher->dispatch()
#12 C:/Users/thiag/OneDrive/Desktop/virtual-notes2/vendor/laravel/framework/src/Illuminate/Routing/Route.php(215): Illuminate/Routing/Route->runController()
#13 C:/Users/thiag/OneDrive/Desktop/virtual-notes2/vendor/laravel/framework/src/Illuminate/Routing/Router.php(822): Illuminate/Routing/Route->run()
#14 C:/Users/thiag/OneDrive/Desktop/virtual-notes2/vendor/laravel/framework/src/Illuminate/Pipeline/Pipeline.php(180): Illuminate/Routing/Router->{closure:Illuminate/Routing/Router::runRouteWithinStack():821}()
#15 C:/Users/thiag/OneDrive/Desktop/virtual-notes2/vendor/laravel/framework/src/Illuminate/Auth/Middleware/EnsureEmailIsVerified.php(41): Illuminate/Pipeline/Pipeline->{closure:Illuminate/Pipeline/Pipeline::prepareDestination():178}()
#16 C:/Users/thiag/OneDrive/Desktop/virtual-notes2/vendor/laravel/framework/src/Illuminate/Pipeline/Pipeline.php(219): Illuminate/Auth/Middleware/EnsureEmailIsVerified->handle()
#17 C:/Users/thiag/OneDrive/Desktop/virtual-notes2/vendor/laravel/framework/src/Illuminate/Http/Middleware/AddLinkHeadersForPreloadedAssets.php(32): Illuminate/Pipeline/Pipeline->{closure:{closure:Illuminate/Pipeline/Pipeline::carry():194}:195}()
#18 C:/Users/thiag/OneDrive/Desktop/virtual-notes2/vendor/laravel/framework/src/Illuminate/Pipeline/Pipeline.php(219): Illuminate/Http/Middleware/AddLinkHeadersForPreloadedAssets->handle()
#19 C:/Users/thiag/OneDrive/Desktop/virtual-notes2/vendor/inertiajs/inertia-laravel/src/Middleware.php(122): Illuminate/Pipeline/Pipeline->{closure:{closure:Illuminate/Pipeline/Pipeline::carry():194}:195}()
#20 C:/Users/thiag/OneDrive/Desktop/virtual-notes2/vendor/laravel/framework/src/Illuminate/Pipeline/Pipeline.php(219): Inertia/Middleware->handle()
#21 C:/Users/thiag/OneDrive/Desktop/virtual-notes2/app/Http/Middleware/HandleAppearance.php(21): Illuminate/Pipeline/Pipeline->{closure:{closure:Illuminate/Pipeline/Pipeline::carry():194}:195}()
#22 C:/Users/thiag/OneDrive/Desktop/virtual-notes2/vendor/laravel/framework/src/Illuminate/Pipeline/Pipeline.php(219): App/Http/Middleware/HandleAppearance->handle()
#23 C:/Users/thiag/OneDrive/Desktop/virtual-notes2/vendor/laravel/framework/src/Illuminate/Routing/Middleware/SubstituteBindings.php(52): Illuminate/Pipeline/Pipeline->{closure:{closure:Illuminate/Pipeline/Pipeline::carry():194}:195}()
#24 C:/Users/thiag/OneDrive/Desktop/virtual-notes2/vendor/laravel/framework/src/Illuminate/Pipeline/Pipeline.php(219): Illuminate/Routing/Middleware/SubstituteBindings->handle()
#25 C:/Users/thiag/OneDrive/Desktop/virtual-notes2/vendor/laravel/framework/src/Illuminate/Auth/Middleware/Authenticate.php(63): Illuminate/Pipeline/Pipeline->{closure:{closure:Illuminate/Pipeline/Pipeline::carry():194}:195}()
#26 C:/Users/thiag/OneDrive/Desktop/virtual-notes2/vendor/laravel/framework/src/Illuminate/Pipeline/Pipeline.php(219): Illuminate/Auth/Middleware/Authenticate->handle()
#27 C:/Users/thiag/OneDrive/Desktop/virtual-notes2/vendor/laravel/framework/src/Illuminate/Foundation/Http/Middleware/PreventRequestForgery.php(104): Illuminate/Pipeline/Pipeline->{closure:{closure:Illuminate/Pipeline/Pipeline::carry():194}:195}()
#28 C:/Users/thiag/OneDrive/Desktop/virtual-notes2/vendor/laravel/framework/src/Illuminate/Pipeline/Pipeline.php(219): Illuminate/Foundation/Http/Middleware/PreventRequestForgery->handle()
#29 C:/Users/thiag/OneDrive/Desktop/virtual-notes2/vendor/laravel/framework/src/Illuminate/View/Middleware/ShareErrorsFromSession.php(48): Illuminate/Pipeline/Pipeline->{closure:{closure:Illuminate/Pipeline/Pipeline::carry():194}:195}()
#30 C:/Users/thiag/OneDrive/Desktop/virtual-notes2/vendor/laravel/framework/src/Illuminate/Pipeline/Pipeline.php(219): Illuminate/View/Middleware/ShareErrorsFromSession->handle()
#31 C:/Users/thiag/OneDrive/Desktop/virtual-notes2/vendor/laravel/framework/src/Illuminate/Session/Middleware/StartSession.php(120): Illuminate/Pipeline/Pipeline->{closure:{closure:Illuminate/Pipeline/Pipeline::carry():194}:195}()
#32 C:/Users/thiag/OneDrive/Desktop/virtual-notes2/vendor/laravel/framework/src/Illuminate/Session/Middleware/StartSession.php(63): Illuminate/Session/Middleware/StartSession->handleStatefulRequest()
#33 C:/Users/thiag/OneDrive/Desktop/virtual-notes2/vendor/laravel/framework/src/Illuminate/Pipeline/Pipeline.php(219): Illuminate/Session/Middleware/StartSession->handle()
#34 C:/Users/thiag/OneDrive/Desktop/virtual-notes2/vendor/laravel/framework/src/Illuminate/Cookie/Middleware/AddQueuedCookiesToResponse.php(36): Illuminate/Pipeline/Pipeline->{closure:{closure:Illuminate/Pipeline/Pipeline::carry():194}:195}()
#35 C:/Users/thiag/OneDrive/Desktop/virtual-notes2/vendor/laravel/framework/src/Illuminate/Pipeline/Pipeline.php(219): Illuminate/Cookie/Middleware/AddQueuedCookiesToResponse->handle()
#36 C:/Users/thiag/OneDrive/Desktop/virtual-notes2/vendor/laravel/framework/src/Illuminate/Cookie/Middleware/EncryptCookies.php(74): Illuminate/Pipeline/Pipeline->{closure:{closure:Illuminate/Pipeline/Pipeline::carry():194}:195}()
#37 C:/Users/thiag/OneDrive/Desktop/virtual-notes2/vendor/laravel/framework/src/Illuminate/Pipeline/Pipeline.php(219): Illuminate/Cookie/Middleware/EncryptCookies->handle()
#38 C:/Users/thiag/OneDrive/Desktop/virtual-notes2/vendor/laravel/framework/src/Illuminate/Pipeline/Pipeline.php(137): Illuminate/Pipeline/Pipeline->{closure:{closure:Illuminate/Pipeline/Pipeline::carry():194}:195}()
#39 C:/Users/thiag/OneDrive/Desktop/virtual-notes2/vendor/laravel/framework/src/Illuminate/Routing/Router.php(821): Illuminate/Pipeline/Pipeline->then()
#40 C:/Users/thiag/OneDrive/Desktop/virtual-notes2/vendor/laravel/framework/src/Illuminate/Routing/Router.php(800): Illuminate/Routing/Router->runRouteWithinStack()
#41 C:/Users/thiag/OneDrive/Desktop/virtual-notes2/vendor/laravel/framework/src/Illuminate/Routing/Router.php(764): Illuminate/Routing/Router->runRoute()
#42 C:/Users/thiag/OneDrive/Desktop/virtual-notes2/vendor/laravel/framework/src/Illuminate/Routing/Router.php(753): Illuminate/Routing/Router->dispatchToRoute()
#43 C:/Users/thiag/OneDrive/Desktop/virtual-notes2/vendor/laravel/framework/src/Illuminate/Foundation/Http/Kernel.php(200): Illuminate/Routing/Router->dispatch()
#44 C:/Users/thiag/OneDrive/Desktop/virtual-notes2/vendor/laravel/framework/src/Illuminate/Pipeline/Pipeline.php(180): Illuminate/Foundation/Http/Kernel->{closure:Illuminate/Foundation/Http/Kernel::dispatchToRouter():197}()
#45 C:/Users/thiag/OneDrive/Desktop/virtual-notes2/vendor/laravel/framework/src/Illuminate/Foundation/Http/Middleware/TransformsRequest.php(21): Illuminate/Pipeline/Pipeline->{closure:Illuminate/Pipeline/Pipeline::prepareDestination():178}()
#46 C:/Users/thiag/OneDrive/Desktop/virtual-notes2/vendor/laravel/framework/src/Illuminate/Foundation/Http/Middleware/ConvertEmptyStringsToNull.php(31): Illuminate/Foundation/Http/Middleware/TransformsRequest->handle()
#47 C:/Users/thiag/OneDrive/Desktop/virtual-notes2/vendor/laravel/framework/src/Illuminate/Pipeline/Pipeline.php(219): Illuminate/Foundation/Http/Middleware/ConvertEmptyStringsToNull->handle()
#48 C:/Users/thiag/OneDrive/Desktop/virtual-notes2/vendor/laravel/framework/src/Illuminate/Foundation/Http/Middleware/TransformsRequest.php(21): Illuminate/Pipeline/Pipeline->{closure:{closure:Illuminate/Pipeline/Pipeline::carry():194}:195}()
#49 C:/Users/thiag/OneDrive/Desktop/virtual-notes2/vendor/laravel/framework/src/Illuminate/Foundation/Http/Middleware/TrimStrings.php(51): Illuminate/Foundation/Http/Middleware/TransformsRequest->handle()
#50 C:/Users/thiag/OneDrive/Desktop/virtual-notes2/vendor/laravel/framework/src/Illuminate/Pipeline/Pipeline.php(219): Illuminate/Foundation/Http/Middleware/TrimStrings->handle()
#51 C:/Users/thiag/OneDrive/Desktop/virtual-notes2/vendor/laravel/framework/src/Illuminate/Http/Middleware/ValidatePostSize.php(27): Illuminate/Pipeline/Pipeline->{closure:{closure:Illuminate/Pipeline/Pipeline::carry():194}:195}()
#52 C:/Users/thiag/OneDrive/Desktop/virtual-notes2/vendor/laravel/framework/src/Illuminate/Pipeline/Pipeline.php(219): Illuminate/Http/Middleware/ValidatePostSize->handle()
#53 C:/Users/thiag/OneDrive/Desktop/virtual-notes2/vendor/laravel/framework/src/Illuminate/Foundation/Http/Middleware/PreventRequestsDuringMaintenance.php(109): Illuminate/Pipeline/Pipeline->{closure:{closure:Illuminate/Pipeline/Pipeline::carry():194}:195}()
#54 C:/Users/thiag/OneDrive/Desktop/virtual-notes2/vendor/laravel/framework/src/Illuminate/Pipeline/Pipeline.php(219): Illuminate/Foundation/Http/Middleware/PreventRequestsDuringMaintenance->handle()
#55 C:/Users/thiag/OneDrive/Desktop/virtual-notes2/vendor/laravel/framework/src/Illuminate/Http/Middleware/HandleCors.php(61): Illuminate/Pipeline/Pipeline->{closure:{closure:Illuminate/Pipeline/Pipeline::carry():194}:195}()
#56 C:/Users/thiag/OneDrive/Desktop/virtual-notes2/vendor/laravel/framework/src/Illuminate/Pipeline/Pipeline.php(219): Illuminate/Http/Middleware/HandleCors->handle()
#57 C:/Users/thiag/OneDrive/Desktop/virtual-notes2/vendor/laravel/framework/src/Illuminate/Http/Middleware/TrustProxies.php(58): Illuminate/Pipeline/Pipeline->{closure:{closure:Illuminate/Pipeline/Pipeline::carry():194}:195}()
#58 C:/Users/thiag/OneDrive/Desktop/virtual-notes2/vendor/laravel/framework/src/Illuminate/Pipeline/Pipeline.php(219): Illuminate/Http/Middleware/TrustProxies->handle()
#59 C:/Users/thiag/OneDrive/Desktop/virtual-notes2/vendor/laravel/framework/src/Illuminate/Foundation/Http/Middleware/InvokeDeferredCallbacks.php(22): Illuminate/Pipeline/Pipeline->{closure:{closure:Illuminate/Pipeline/Pipeline::carry():194}:195}()
#60 C:/Users/thiag/OneDrive/Desktop/virtual-notes2/vendor/laravel/framework/src/Illuminate/Pipeline/Pipeline.php(219): Illuminate/Foundation/Http/Middleware/InvokeDeferredCallbacks->handle()
#61 C:/Users/thiag/OneDrive/Desktop/virtual-notes2/vendor/laravel/framework/src/Illuminate/Http/Middleware/ValidatePathEncoding.php(28): Illuminate/Pipeline/Pipeline->{closure:{closure:Illuminate/Pipeline/Pipeline::carry():194}:195}()
#62 C:/Users/thiag/OneDrive/Desktop/virtual-notes2/vendor/laravel/framework/src/Illuminate/Pipeline/Pipeline.php(219): Illuminate/Http/Middleware/ValidatePathEncoding->handle()
#63 C:/Users/thiag/OneDrive/Desktop/virtual-notes2/vendor/laravel/framework/src/Illuminate/Pipeline/Pipeline.php(137): Illuminate/Pipeline/Pipeline->{closure:{closure:Illuminate/Pipeline/Pipeline::carry():194}:195}()
#64 C:/Users/thiag/OneDrive/Desktop/virtual-notes2/vendor/laravel/framework/src/Illuminate/Foundation/Http/Kernel.php(175): Illuminate/Pipeline/Pipeline->then()
#65 C:/Users/thiag/OneDrive/Desktop/virtual-notes2/vendor/laravel/framework/src/Illuminate/Foundation/Http/Kernel.php(144): Illuminate/Foundation/Http/Kernel->sendRequestThroughRouter()
#66 C:/Users/thiag/OneDrive/Desktop/virtual-notes2/vendor/laravel/framework/src/Illuminate/Foundation/Application.php(1220): Illuminate/Foundation/Http/Kernel->handle()
#67 C:/Users/thiag/OneDrive/Desktop/virtual-notes2/public/index.php(20): Illuminate/Foundation/Application->handleRequest()
#68 C:/Users/thiag/OneDrive/Desktop/virtual-notes2/vendor/laravel/framework/src/Illuminate/Foundation/resources/server.php(23): require_once('...')
#69 {main}
"} 
[2026-08-12 14:29:57] local.ERROR: Command "make:Pages" is not defined.

Did you mean one of these?
    make:cache-table
    make:cast
    make:channel
    make:class
    make:command
    make:component
    make:config
    make:controller
    make:enum
    make:event
    make:exception
    make:factory
    make:interface
    make:job
    make:job-middleware
    make:listener
    make:mail
    make:middleware
    make:migration
    make:model
    make:notification
    make:notifications-table
    make:observer
    make:policy
    make:provider
    make:queue-batches-table
    make:queue-failed-table
    make:queue-table
    make:request
    make:resource
    make:rule
    make:scope
    make:seeder
    make:session-table
    make:test
    make:trait
    make:view {"exception":"[object] (Symfony\\Component\\Console\\Exception\\CommandNotFoundException(code: 0): Command \"make:Pages\" is not defined.

Did you mean one of these?
    make:cache-table
    make:cast
    make:channel
    make:class
    make:command
    make:component
    make:config
    make:controller
    make:enum
    make:event
    make:exception
    make:factory
    make:interface
    make:job
    make:job-middleware
    make:listener
    make:mail
    make:middleware
    make:migration
    make:model
    make:notification
    make:notifications-table
    make:observer
    make:policy
    make:provider
    make:queue-batches-table
    make:queue-failed-table
    make:queue-table
    make:request
    make:resource
    make:rule
    make:scope
    make:seeder
    make:session-table
    make:test
    make:trait
    make:view at C:/Users/thiag/OneDrive/Desktop/virtual-notes2/vendor/symfony/console/Application.php:749)
[stacktrace]
#0 C:/Users/thiag/OneDrive/Desktop/virtual-notes2/vendor/symfony/console/Application.php(298): Symfony/Component/Console/Application->find()
#1 C:/Users/thiag/OneDrive/Desktop/virtual-notes2/vendor/symfony/console/Application.php(195): Symfony/Component/Console/Application->doRun()
#2 C:/Users/thiag/OneDrive/Desktop/virtual-notes2/vendor/laravel/framework/src/Illuminate/Foundation/Console/Kernel.php(198): Symfony/Component/Console/Application->run()
#3 C:/Users/thiag/OneDrive/Desktop/virtual-notes2/vendor/laravel/framework/src/Illuminate/Foundation/Application.php(1235): Illuminate/Foundation/Console/Kernel->handle()
#4 C:/Users/thiag/OneDrive/Desktop/virtual-notes2/artisan(16): Illuminate/Foundation/Application->handleCommand()
#5 {main}
"} 
[2026-08-15 15:58:29] local.ERROR: SQLSTATE[42S01]: Base table or view already exists: 1050 Table 'equipamentos' already exists (Connection: mysql, Host: 127.0.0.1, Port: 3306, Database: todo_list, SQL: create table `equipamentos` (`id` bigint unsigned not null auto_increment primary key, `nome` varchar(100) not null, `descricao` text null, `quantidade` int not null default '0', `created_at` timestamp null, `updated_at` timestamp null) default character set utf8mb4 collate 'utf8mb4_unicode_ci') {"exception":"[object] (Illuminate\\Database\\QueryException(code: 42S01): SQLSTATE[42S01]: Base table or view already exists: 1050 Table 'equipamentos' already exists (Connection: mysql, Host: 127.0.0.1, Port: 3306, Database: todo_list, SQL: create table `equipamentos` (`id` bigint unsigned not null auto_increment primary key, `nome` varchar(100) not null, `descricao` text null, `quantidade` int not null default '0', `created_at` timestamp null, `updated_at` timestamp null) default character set utf8mb4 collate 'utf8mb4_unicode_ci') at C:/Users/thiag/OneDrive/Desktop/virtual-notes2/vendor/laravel/framework/src/Illuminate/Database/Connection.php:841)
[stacktrace]
#0 C:/Users/thiag/OneDrive/Desktop/virtual-notes2/vendor/laravel/framework/src/Illuminate/Database/Connection.php(797): Illuminate/Database/Connection->runQueryCallback()
#1 C:/Users/thiag/OneDrive/Desktop/virtual-notes2/vendor/laravel/framework/src/Illuminate/Database/Connection.php(576): Illuminate/Database/Connection->run()
#2 C:/Users/thiag/OneDrive/Desktop/virtual-notes2/vendor/laravel/framework/src/Illuminate/Database/Schema/Blueprint.php(121): Illuminate/Database/Connection->statement()
#3 C:/Users/thiag/OneDrive/Desktop/virtual-notes2/vendor/laravel/framework/src/Illuminate/Database/Schema/Builder.php(690): Illuminate/Database/Schema/Blueprint->build()
#4 C:/Users/thiag/OneDrive/Desktop/virtual-notes2/vendor/laravel/framework/src/Illuminate/Database/Schema/Builder.php(508): Illuminate/Database/Schema/Builder->build()
#5 C:/Users/thiag/OneDrive/Desktop/virtual-notes2/vendor/laravel/framework/src/Illuminate/Support/Facades/Facade.php(363): Illuminate/Database/Schema/Builder->create()
#6 C:/Users/thiag/OneDrive/Desktop/virtual-notes2/database/migrations/2026_08_12_141105_equipamentos.php.php(14): Illuminate/Support/Facades/Facade::__callStatic()
#7 C:/Users/thiag/OneDrive/Desktop/virtual-notes2/vendor/laravel/framework/src/Illuminate/Database/Migrations/Migrator.php(517): Illuminate/Database/Migrations/Migration@anonymous->up()
#8 C:/Users/thiag/OneDrive/Desktop/virtual-notes2/vendor/laravel/framework/src/Illuminate/Database/Migrations/Migrator.php(442): Illuminate/Database/Migrations/Migrator->runMethod()
#9 C:/Users/thiag/OneDrive/Desktop/virtual-notes2/vendor/laravel/framework/src/Illuminate/Database/Migrations/Migrator.php(451): Illuminate/Database/Migrations/Migrator->{closure:Illuminate/Database/Migrations/Migrator::runMigration():438}()
#10 C:/Users/thiag/OneDrive/Desktop/virtual-notes2/vendor/laravel/framework/src/Illuminate/Database/Migrations/Migrator.php(253): Illuminate/Database/Migrations/Migrator->runMigration()
#11 C:/Users/thiag/OneDrive/Desktop/virtual-notes2/vendor/laravel/framework/src/Illuminate/Console/View/Components/Task.php(43): Illuminate/Database/Migrations/Migrator->{closure:Illuminate/Database/Migrations/Migrator::runUp():253}()
#12 C:/Users/thiag/OneDrive/Desktop/virtual-notes2/vendor/laravel/framework/src/Illuminate/Database/Migrations/Migrator.php(814): Illuminate/Console/View/Components/Task->render()
#13 C:/Users/thiag/OneDrive/Desktop/virtual-notes2/vendor/laravel/framework/src/Illuminate/Database/Migrations/Migrator.php(253): Illuminate/Database/Migrations/Migrator->write()
#14 C:/Users/thiag/OneDrive/Desktop/virtual-notes2/vendor/laravel/framework/src/Illuminate/Database/Migrations/Migrator.php(211): Illuminate/Database/Migrations/Migrator->runUp()
#15 C:/Users/thiag/OneDrive/Desktop/virtual-notes2/vendor/laravel/framework/src/Illuminate/Database/Migrations/Migrator.php(138): Illuminate/Database/Migrations/Migrator->runPending()
#16 C:/Users/thiag/OneDrive/Desktop/virtual-notes2/vendor/laravel/framework/src/Illuminate/Database/Console/Migrations/MigrateCommand.php(118): Illuminate/Database/Migrations/Migrator->run()
#17 C:/Users/thiag/OneDrive/Desktop/virtual-notes2/vendor/laravel/framework/src/Illuminate/Database/Migrations/Migrator.php(671): Illuminate/Database/Console/Migrations/MigrateCommand->{closure:Illuminate/Database/Console/Migrations/MigrateCommand::runMigrations():111}()
#18 C:/Users/thiag/OneDrive/Desktop/virtual-notes2/vendor/laravel/framework/src/Illuminate/Database/Console/Migrations/MigrateCommand.php(111): Illuminate/Database/Migrations/Migrator->usingConnection()
#19 C:/Users/thiag/OneDrive/Desktop/virtual-notes2/vendor/laravel/framework/src/Illuminate/Database/Console/Migrations/MigrateCommand.php(90): Illuminate/Database/Console/Migrations/MigrateCommand->runMigrations()
#20 C:/Users/thiag/OneDrive/Desktop/virtual-notes2/vendor/laravel/framework/src/Illuminate/Container/BoundMethod.php(36): Illuminate/Database/Console/Migrations/MigrateCommand->handle()
#21 C:/Users/thiag/OneDrive/Desktop/virtual-notes2/vendor/laravel/framework/src/Illuminate/Container/Util.php(43): Illuminate/Container/BoundMethod::{closure:Illuminate/Container/BoundMethod::call():35}()
#22 C:/Users/thiag/OneDrive/Desktop/virtual-notes2/vendor/laravel/framework/src/Illuminate/Container/BoundMethod.php(96): Illuminate/Container/Util::unwrapIfClosure()
#23 C:/Users/thiag/OneDrive/Desktop/virtual-notes2/vendor/laravel/framework/src/Illuminate/Container/BoundMethod.php(35): Illuminate/Container/BoundMethod::callBoundMethod()
#24 C:/Users/thiag/OneDrive/Desktop/virtual-notes2/vendor/laravel/framework/src/Illuminate/Container/Container.php(799): Illuminate/Container/BoundMethod::call()
#25 C:/Users/thiag/OneDrive/Desktop/virtual-notes2/vendor/laravel/framework/src/Illuminate/Console/Command.php(280): Illuminate/Container/Container->call()
#26 C:/Users/thiag/OneDrive/Desktop/virtual-notes2/vendor/symfony/console/Command/Command.php(291): Illuminate/Console/Command->execute()
#27 C:/Users/thiag/OneDrive/Desktop/virtual-notes2/vendor/laravel/framework/src/Illuminate/Console/Command.php(249): Symfony/Component/Console/Command/Command->run()
#28 C:/Users/thiag/OneDrive/Desktop/virtual-notes2/vendor/symfony/console/Application.php(1107): Illuminate/Console/Command->run()
#29 C:/Users/thiag/OneDrive/Desktop/virtual-notes2/vendor/symfony/console/Application.php(356): Symfony/Component/Console/Application->doRunCommand()
#30 C:/Users/thiag/OneDrive/Desktop/virtual-notes2/vendor/symfony/console/Application.php(195): Symfony/Component/Console/Application->doRun()
#31 C:/Users/thiag/OneDrive/Desktop/virtual-notes2/vendor/laravel/framework/src/Illuminate/Foundation/Console/Kernel.php(198): Symfony/Component/Console/Application->run()
#32 C:/Users/thiag/OneDrive/Desktop/virtual-notes2/vendor/laravel/framework/src/Illuminate/Foundation/Application.php(1235): Illuminate/Foundation/Console/Kernel->handle()
#33 C:/Users/thiag/OneDrive/Desktop/virtual-notes2/artisan(16): Illuminate/Foundation/Application->handleCommand()
#34 {main}

[previous exception] [object] (PDOException(code: 42S01): SQLSTATE[42S01]: Base table or view already exists: 1050 Table 'equipamentos' already exists at C:/Users/thiag/OneDrive/Desktop/virtual-notes2/vendor/laravel/framework/src/Illuminate/Database/Connection.php:587)
[stacktrace]
#0 C:/Users/thiag/OneDrive/Desktop/virtual-notes2/vendor/laravel/framework/src/Illuminate/Database/Connection.php(587): PDOStatement->execute()
#1 C:/Users/thiag/OneDrive/Desktop/virtual-notes2/vendor/laravel/framework/src/Illuminate/Database/Connection.php(830): Illuminate/Database/Connection->{closure:Illuminate/Database/Connection::statement():576}()
#2 C:/Users/thiag/OneDrive/Desktop/virtual-notes2/vendor/laravel/framework/src/Illuminate/Database/Connection.php(797): Illuminate/Database/Connection->runQueryCallback()
#3 C:/Users/thiag/OneDrive/Desktop/virtual-notes2/vendor/laravel/framework/src/Illuminate/Database/Connection.php(576): Illuminate/Database/Connection->run()
#4 C:/Users/thiag/OneDrive/Desktop/virtual-notes2/vendor/laravel/framework/src/Illuminate/Database/Schema/Blueprint.php(121): Illuminate/Database/Connection->statement()
#5 C:/Users/thiag/OneDrive/Desktop/virtual-notes2/vendor/laravel/framework/src/Illuminate/Database/Schema/Builder.php(690): Illuminate/Database/Schema/Blueprint->build()
#6 C:/Users/thiag/OneDrive/Desktop/virtual-notes2/vendor/laravel/framework/src/Illuminate/Database/Schema/Builder.php(508): Illuminate/Database/Schema/Builder->build()
#7 C:/Users/thiag/OneDrive/Desktop/virtual-notes2/vendor/laravel/framework/src/Illuminate/Support/Facades/Facade.php(363): Illuminate/Database/Schema/Builder->create()
#8 C:/Users/thiag/OneDrive/Desktop/virtual-notes2/database/migrations/2026_08_12_141105_equipamentos.php.php(14): Illuminate/Support/Facades/Facade::__callStatic()
#9 C:/Users/thiag/OneDrive/Desktop/virtual-notes2/vendor/laravel/framework/src/Illuminate/Database/Migrations/Migrator.php(517): Illuminate/Database/Migrations/Migration@anonymous->up()
#10 C:/Users/thiag/OneDrive/Desktop/virtual-notes2/vendor/laravel/framework/src/Illuminate/Database/Migrations/Migrator.php(442): Illuminate/Database/Migrations/Migrator->runMethod()
#11 C:/Users/thiag/OneDrive/Desktop/virtual-notes2/vendor/laravel/framework/src/Illuminate/Database/Migrations/Migrator.php(451): Illuminate/Database/Migrations/Migrator->{closure:Illuminate/Database/Migrations/Migrator::runMigration():438}()
#12 C:/Users/thiag/OneDrive/Desktop/virtual-notes2/vendor/laravel/framework/src/Illuminate/Database/Migrations/Migrator.php(253): Illuminate/Database/Migrations/Migrator->runMigration()
#13 C:/Users/thiag/OneDrive/Desktop/virtual-notes2/vendor/laravel/framework/src/Illuminate/Console/View/Components/Task.php(43): Illuminate/Database/Migrations/Migrator->{closure:Illuminate/Database/Migrations/Migrator::runUp():253}()
#14 C:/Users/thiag/OneDrive/Desktop/virtual-notes2/vendor/laravel/framework/src/Illuminate/Database/Migrations/Migrator.php(814): Illuminate/Console/View/Components/Task->render()
#15 C:/Users/thiag/OneDrive/Desktop/virtual-notes2/vendor/laravel/framework/src/Illuminate/Database/Migrations/Migrator.php(253): Illuminate/Database/Migrations/Migrator->write()
#16 C:/Users/thiag/OneDrive/Desktop/virtual-notes2/vendor/laravel/framework/src/Illuminate/Database/Migrations/Migrator.php(211): Illuminate/Database/Migrations/Migrator->runUp()
#17 C:/Users/thiag/OneDrive/Desktop/virtual-notes2/vendor/laravel/framework/src/Illuminate/Database/Migrations/Migrator.php(138): Illuminate/Database/Migrations/Migrator->runPending()
#18 C:/Users/thiag/OneDrive/Desktop/virtual-notes2/vendor/laravel/framework/src/Illuminate/Database/Console/Migrations/MigrateCommand.php(118): Illuminate/Database/Migrations/Migrator->run()
#19 C:/Users/thiag/OneDrive/Desktop/virtual-notes2/vendor/laravel/framework/src/Illuminate/Database/Migrations/Migrator.php(671): Illuminate/Database/Console/Migrations/MigrateCommand->{closure:Illuminate/Database/Console/Migrations/MigrateCommand::runMigrations():111}()
#20 C:/Users/thiag/OneDrive/Desktop/virtual-notes2/vendor/laravel/framework/src/Illuminate/Database/Console/Migrations/MigrateCommand.php(111): Illuminate/Database/Migrations/Migrator->usingConnection()
#21 C:/Users/thiag/OneDrive/Desktop/virtual-notes2/vendor/laravel/framework/src/Illuminate/Database/Console/Migrations/MigrateCommand.php(90): Illuminate/Database/Console/Migrations/MigrateCommand->runMigrations()
#22 C:/Users/thiag/OneDrive/Desktop/virtual-notes2/vendor/laravel/framework/src/Illuminate/Container/BoundMethod.php(36): Illuminate/Database/Console/Migrations/MigrateCommand->handle()
#23 C:/Users/thiag/OneDrive/Desktop/virtual-notes2/vendor/laravel/framework/src/Illuminate/Container/Util.php(43): Illuminate/Container/BoundMethod::{closure:Illuminate/Container/BoundMethod::call():35}()
#24 C:/Users/thiag/OneDrive/Desktop/virtual-notes2/vendor/laravel/framework/src/Illuminate/Container/BoundMethod.php(96): Illuminate/Container/Util::unwrapIfClosure()
#25 C:/Users/thiag/OneDrive/Desktop/virtual-notes2/vendor/laravel/framework/src/Illuminate/Container/BoundMethod.php(35): Illuminate/Container/BoundMethod::callBoundMethod()
#26 C:/Users/thiag/OneDrive/Desktop/virtual-notes2/vendor/laravel/framework/src/Illuminate/Container/Container.php(799): Illuminate/Container/BoundMethod::call()
#27 C:/Users/thiag/OneDrive/Desktop/virtual-notes2/vendor/laravel/framework/src/Illuminate/Console/Command.php(280): Illuminate/Container/Container->call()
#28 C:/Users/thiag/OneDrive/Desktop/virtual-notes2/vendor/symfony/console/Command/Command.php(291): Illuminate/Console/Command->execute()
#29 C:/Users/thiag/OneDrive/Desktop/virtual-notes2/vendor/laravel/framework/src/Illuminate/Console/Command.php(249): Symfony/Component/Console/Command/Command->run()
#30 C:/Users/thiag/OneDrive/Desktop/virtual-notes2/vendor/symfony/console/Application.php(1107): Illuminate/Console/Command->run()
#31 C:/Users/thiag/OneDrive/Desktop/virtual-notes2/vendor/symfony/console/Application.php(356): Symfony/Component/Console/Application->doRunCommand()
#32 C:/Users/thiag/OneDrive/Desktop/virtual-notes2/vendor/symfony/console/Application.php(195): Symfony/Component/Console/Application->doRun()
#33 C:/Users/thiag/OneDrive/Desktop/virtual-notes2/vendor/laravel/framework/src/Illuminate/Foundation/Console/Kernel.php(198): Symfony/Component/Console/Application->run()
#34 C:/Users/thiag/OneDrive/Desktop/virtual-notes2/vendor/laravel/framework/src/Illuminate/Foundation/Application.php(1235): Illuminate/Foundation/Console/Kernel->handle()
#35 C:/Users/thiag/OneDrive/Desktop/virtual-notes2/artisan(16): Illuminate/Foundation/Application->handleCommand()
#36 {main}
"} 
[2026-08-15 15:58:35] local.ERROR: SQLSTATE[42S01]: Base table or view already exists: 1050 Table 'equipamentos' already exists (Connection: mysql, Host: 127.0.0.1, Port: 3306, Database: todo_list, SQL: create table `equipamentos` (`id` bigint unsigned not null auto_increment primary key, `nome` varchar(100) not null, `descricao` text null, `quantidade` int not null default '0', `created_at` timestamp null, `updated_at` timestamp null) default character set utf8mb4 collate 'utf8mb4_unicode_ci') {"exception":"[object] (Illuminate\\Database\\QueryException(code: 42S01): SQLSTATE[42S01]: Base table or view already exists: 1050 Table 'equipamentos' already exists (Connection: mysql, Host: 127.0.0.1, Port: 3306, Database: todo_list, SQL: create table `equipamentos` (`id` bigint unsigned not null auto_increment primary key, `nome` varchar(100) not null, `descricao` text null, `quantidade` int not null default '0', `created_at` timestamp null, `updated_at` timestamp null) default character set utf8mb4 collate 'utf8mb4_unicode_ci') at C:/Users/thiag/OneDrive/Desktop/virtual-notes2/vendor/laravel/framework/src/Illuminate/Database/Connection.php:841)
[stacktrace]
#0 C:/Users/thiag/OneDrive/Desktop/virtual-notes2/vendor/laravel/framework/src/Illuminate/Database/Connection.php(797): Illuminate/Database/Connection->runQueryCallback()
#1 C:/Users/thiag/OneDrive/Desktop/virtual-notes2/vendor/laravel/framework/src/Illuminate/Database/Connection.php(576): Illuminate/Database/Connection->run()
#2 C:/Users/thiag/OneDrive/Desktop/virtual-notes2/vendor/laravel/framework/src/Illuminate/Database/Schema/Blueprint.php(121): Illuminate/Database/Connection->statement()
#3 C:/Users/thiag/OneDrive/Desktop/virtual-notes2/vendor/laravel/framework/src/Illuminate/Database/Schema/Builder.php(690): Illuminate/Database/Schema/Blueprint->build()
#4 C:/Users/thiag/OneDrive/Desktop/virtual-notes2/vendor/laravel/framework/src/Illuminate/Database/Schema/Builder.php(508): Illuminate/Database/Schema/Builder->build()
#5 C:/Users/thiag/OneDrive/Desktop/virtual-notes2/vendor/laravel/framework/src/Illuminate/Support/Facades/Facade.php(363): Illuminate/Database/Schema/Builder->create()
#6 C:/Users/thiag/OneDrive/Desktop/virtual-notes2/database/migrations/2026_08_12_141105_equipamentos.php.php(14): Illuminate/Support/Facades/Facade::__callStatic()
#7 C:/Users/thiag/OneDrive/Desktop/virtual-notes2/vendor/laravel/framework/src/Illuminate/Database/Migrations/Migrator.php(517): Illuminate/Database/Migrations/Migration@anonymous->up()
#8 C:/Users/thiag/OneDrive/Desktop/virtual-notes2/vendor/laravel/framework/src/Illuminate/Database/Migrations/Migrator.php(442): Illuminate/Database/Migrations/Migrator->runMethod()
#9 C:/Users/thiag/OneDrive/Desktop/virtual-notes2/vendor/laravel/framework/src/Illuminate/Database/Migrations/Migrator.php(451): Illuminate/Database/Migrations/Migrator->{closure:Illuminate/Database/Migrations/Migrator::runMigration():438}()
#10 C:/Users/thiag/OneDrive/Desktop/virtual-notes2/vendor/laravel/framework/src/Illuminate/Database/Migrations/Migrator.php(253): Illuminate/Database/Migrations/Migrator->runMigration()
#11 C:/Users/thiag/OneDrive/Desktop/virtual-notes2/vendor/laravel/framework/src/Illuminate/Console/View/Components/Task.php(43): Illuminate/Database/Migrations/Migrator->{closure:Illuminate/Database/Migrations/Migrator::runUp():253}()
#12 C:/Users/thiag/OneDrive/Desktop/virtual-notes2/vendor/laravel/framework/src/Illuminate/Database/Migrations/Migrator.php(814): Illuminate/Console/View/Components/Task->render()
#13 C:/Users/thiag/OneDrive/Desktop/virtual-notes2/vendor/laravel/framework/src/Illuminate/Database/Migrations/Migrator.php(253): Illuminate/Database/Migrations/Migrator->write()
#14 C:/Users/thiag/OneDrive/Desktop/virtual-notes2/vendor/laravel/framework/src/Illuminate/Database/Migrations/Migrator.php(211): Illuminate/Database/Migrations/Migrator->runUp()
#15 C:/Users/thiag/OneDrive/Desktop/virtual-notes2/vendor/laravel/framework/src/Illuminate/Database/Migrations/Migrator.php(138): Illuminate/Database/Migrations/Migrator->runPending()
#16 C:/Users/thiag/OneDrive/Desktop/virtual-notes2/vendor/laravel/framework/src/Illuminate/Database/Console/Migrations/MigrateCommand.php(118): Illuminate/Database/Migrations/Migrator->run()
#17 C:/Users/thiag/OneDrive/Desktop/virtual-notes2/vendor/laravel/framework/src/Illuminate/Database/Migrations/Migrator.php(671): Illuminate/Database/Console/Migrations/MigrateCommand->{closure:Illuminate/Database/Console/Migrations/MigrateCommand::runMigrations():111}()
#18 C:/Users/thiag/OneDrive/Desktop/virtual-notes2/vendor/laravel/framework/src/Illuminate/Database/Console/Migrations/MigrateCommand.php(111): Illuminate/Database/Migrations/Migrator->usingConnection()
#19 C:/Users/thiag/OneDrive/Desktop/virtual-notes2/vendor/laravel/framework/src/Illuminate/Database/Console/Migrations/MigrateCommand.php(90): Illuminate/Database/Console/Migrations/MigrateCommand->runMigrations()
#20 C:/Users/thiag/OneDrive/Desktop/virtual-notes2/vendor/laravel/framework/src/Illuminate/Container/BoundMethod.php(36): Illuminate/Database/Console/Migrations/MigrateCommand->handle()
#21 C:/Users/thiag/OneDrive/Desktop/virtual-notes2/vendor/laravel/framework/src/Illuminate/Container/Util.php(43): Illuminate/Container/BoundMethod::{closure:Illuminate/Container/BoundMethod::call():35}()
#22 C:/Users/thiag/OneDrive/Desktop/virtual-notes2/vendor/laravel/framework/src/Illuminate/Container/BoundMethod.php(96): Illuminate/Container/Util::unwrapIfClosure()
#23 C:/Users/thiag/OneDrive/Desktop/virtual-notes2/vendor/laravel/framework/src/Illuminate/Container/BoundMethod.php(35): Illuminate/Container/BoundMethod::callBoundMethod()
#24 C:/Users/thiag/OneDrive/Desktop/virtual-notes2/vendor/laravel/framework/src/Illuminate/Container/Container.php(799): Illuminate/Container/BoundMethod::call()
#25 C:/Users/thiag/OneDrive/Desktop/virtual-notes2/vendor/laravel/framework/src/Illuminate/Console/Command.php(280): Illuminate/Container/Container->call()
#26 C:/Users/thiag/OneDrive/Desktop/virtual-notes2/vendor/symfony/console/Command/Command.php(291): Illuminate/Console/Command->execute()
#27 C:/Users/thiag/OneDrive/Desktop/virtual-notes2/vendor/laravel/framework/src/Illuminate/Console/Command.php(249): Symfony/Component/Console/Command/Command->run()
#28 C:/Users/thiag/OneDrive/Desktop/virtual-notes2/vendor/symfony/console/Application.php(1107): Illuminate/Console/Command->run()
#29 C:/Users/thiag/OneDrive/Desktop/virtual-notes2/vendor/symfony/console/Application.php(356): Symfony/Component/Console/Application->doRunCommand()
#30 C:/Users/thiag/OneDrive/Desktop/virtual-notes2/vendor/symfony/console/Application.php(195): Symfony/Component/Console/Application->doRun()
#31 C:/Users/thiag/OneDrive/Desktop/virtual-notes2/vendor/laravel/framework/src/Illuminate/Foundation/Console/Kernel.php(198): Symfony/Component/Console/Application->run()
#32 C:/Users/thiag/OneDrive/Desktop/virtual-notes2/vendor/laravel/framework/src/Illuminate/Foundation/Application.php(1235): Illuminate/Foundation/Console/Kernel->handle()
#33 C:/Users/thiag/OneDrive/Desktop/virtual-notes2/artisan(16): Illuminate/Foundation/Application->handleCommand()
#34 {main}

[previous exception] [object] (PDOException(code: 42S01): SQLSTATE[42S01]: Base table or view already exists: 1050 Table 'equipamentos' already exists at C:/Users/thiag/OneDrive/Desktop/virtual-notes2/vendor/laravel/framework/src/Illuminate/Database/Connection.php:587)
[stacktrace]
#0 C:/Users/thiag/OneDrive/Desktop/virtual-notes2/vendor/laravel/framework/src/Illuminate/Database/Connection.php(587): PDOStatement->execute()
#1 C:/Users/thiag/OneDrive/Desktop/virtual-notes2/vendor/laravel/framework/src/Illuminate/Database/Connection.php(830): Illuminate/Database/Connection->{closure:Illuminate/Database/Connection::statement():576}()
#2 C:/Users/thiag/OneDrive/Desktop/virtual-notes2/vendor/laravel/framework/src/Illuminate/Database/Connection.php(797): Illuminate/Database/Connection->runQueryCallback()
#3 C:/Users/thiag/OneDrive/Desktop/virtual-notes2/vendor/laravel/framework/src/Illuminate/Database/Connection.php(576): Illuminate/Database/Connection->run()
#4 C:/Users/thiag/OneDrive/Desktop/virtual-notes2/vendor/laravel/framework/src/Illuminate/Database/Schema/Blueprint.php(121): Illuminate/Database/Connection->statement()
#5 C:/Users/thiag/OneDrive/Desktop/virtual-notes2/vendor/laravel/framework/src/Illuminate/Database/Schema/Builder.php(690): Illuminate/Database/Schema/Blueprint->build()
#6 C:/Users/thiag/OneDrive/Desktop/virtual-notes2/vendor/laravel/framework/src/Illuminate/Database/Schema/Builder.php(508): Illuminate/Database/Schema/Builder->build()
#7 C:/Users/thiag/OneDrive/Desktop/virtual-notes2/vendor/laravel/framework/src/Illuminate/Support/Facades/Facade.php(363): Illuminate/Database/Schema/Builder->create()
#8 C:/Users/thiag/OneDrive/Desktop/virtual-notes2/database/migrations/2026_08_12_141105_equipamentos.php.php(14): Illuminate/Support/Facades/Facade::__callStatic()
#9 C:/Users/thiag/OneDrive/Desktop/virtual-notes2/vendor/laravel/framework/src/Illuminate/Database/Migrations/Migrator.php(517): Illuminate/Database/Migrations/Migration@anonymous->up()
#10 C:/Users/thiag/OneDrive/Desktop/virtual-notes2/vendor/laravel/framework/src/Illuminate/Database/Migrations/Migrator.php(442): Illuminate/Database/Migrations/Migrator->runMethod()
#11 C:/Users/thiag/OneDrive/Desktop/virtual-notes2/vendor/laravel/framework/src/Illuminate/Database/Migrations/Migrator.php(451): Illuminate/Database/Migrations/Migrator->{closure:Illuminate/Database/Migrations/Migrator::runMigration():438}()
#12 C:/Users/thiag/OneDrive/Desktop/virtual-notes2/vendor/laravel/framework/src/Illuminate/Database/Migrations/Migrator.php(253): Illuminate/Database/Migrations/Migrator->runMigration()
#13 C:/Users/thiag/OneDrive/Desktop/virtual-notes2/vendor/laravel/framework/src/Illuminate/Console/View/Components/Task.php(43): Illuminate/Database/Migrations/Migrator->{closure:Illuminate/Database/Migrations/Migrator::runUp():253}()
#14 C:/Users/thiag/OneDrive/Desktop/virtual-notes2/vendor/laravel/framework/src/Illuminate/Database/Migrations/Migrator.php(814): Illuminate/Console/View/Components/Task->render()
#15 C:/Users/thiag/OneDrive/Desktop/virtual-notes2/vendor/laravel/framework/src/Illuminate/Database/Migrations/Migrator.php(253): Illuminate/Database/Migrations/Migrator->write()
#16 C:/Users/thiag/OneDrive/Desktop/virtual-notes2/vendor/laravel/framework/src/Illuminate/Database/Migrations/Migrator.php(211): Illuminate/Database/Migrations/Migrator->runUp()
#17 C:/Users/thiag/OneDrive/Desktop/virtual-notes2/vendor/laravel/framework/src/Illuminate/Database/Migrations/Migrator.php(138): Illuminate/Database/Migrations/Migrator->runPending()
#18 C:/Users/thiag/OneDrive/Desktop/virtual-notes2/vendor/laravel/framework/src/Illuminate/Database/Console/Migrations/MigrateCommand.php(118): Illuminate/Database/Migrations/Migrator->run()
#19 C:/Users/thiag/OneDrive/Desktop/virtual-notes2/vendor/laravel/framework/src/Illuminate/Database/Migrations/Migrator.php(671): Illuminate/Database/Console/Migrations/MigrateCommand->{closure:Illuminate/Database/Console/Migrations/MigrateCommand::runMigrations():111}()
#20 C:/Users/thiag/OneDrive/Desktop/virtual-notes2/vendor/laravel/framework/src/Illuminate/Database/Console/Migrations/MigrateCommand.php(111): Illuminate/Database/Migrations/Migrator->usingConnection()
#21 C:/Users/thiag/OneDrive/Desktop/virtual-notes2/vendor/laravel/framework/src/Illuminate/Database/Console/Migrations/MigrateCommand.php(90): Illuminate/Database/Console/Migrations/MigrateCommand->runMigrations()
#22 C:/Users/thiag/OneDrive/Desktop/virtual-notes2/vendor/laravel/framework/src/Illuminate/Container/BoundMethod.php(36): Illuminate/Database/Console/Migrations/MigrateCommand->handle()
#23 C:/Users/thiag/OneDrive/Desktop/virtual-notes2/vendor/laravel/framework/src/Illuminate/Container/Util.php(43): Illuminate/Container/BoundMethod::{closure:Illuminate/Container/BoundMethod::call():35}()
#24 C:/Users/thiag/OneDrive/Desktop/virtual-notes2/vendor/laravel/framework/src/Illuminate/Container/BoundMethod.php(96): Illuminate/Container/Util::unwrapIfClosure()
#25 C:/Users/thiag/OneDrive/Desktop/virtual-notes2/vendor/laravel/framework/src/Illuminate/Container/BoundMethod.php(35): Illuminate/Container/BoundMethod::callBoundMethod()
#26 C:/Users/thiag/OneDrive/Desktop/virtual-notes2/vendor/laravel/framework/src/Illuminate/Container/Container.php(799): Illuminate/Container/BoundMethod::call()
#27 C:/Users/thiag/OneDrive/Desktop/virtual-notes2/vendor/laravel/framework/src/Illuminate/Console/Command.php(280): Illuminate/Container/Container->call()
#28 C:/Users/thiag/OneDrive/Desktop/virtual-notes2/vendor/symfony/console/Command/Command.php(291): Illuminate/Console/Command->execute()
#29 C:/Users/thiag/OneDrive/Desktop/virtual-notes2/vendor/laravel/framework/src/Illuminate/Console/Command.php(249): Symfony/Component/Console/Command/Command->run()
#30 C:/Users/thiag/OneDrive/Desktop/virtual-notes2/vendor/symfony/console/Application.php(1107): Illuminate/Console/Command->run()
#31 C:/Users/thiag/OneDrive/Desktop/virtual-notes2/vendor/symfony/console/Application.php(356): Symfony/Component/Console/Application->doRunCommand()
#32 C:/Users/thiag/OneDrive/Desktop/virtual-notes2/vendor/symfony/console/Application.php(195): Symfony/Component/Console/Application->doRun()
#33 C:/Users/thiag/OneDrive/Desktop/virtual-notes2/vendor/laravel/framework/src/Illuminate/Foundation/Console/Kernel.php(198): Symfony/Component/Console/Application->run()
#34 C:/Users/thiag/OneDrive/Desktop/virtual-notes2/vendor/laravel/framework/src/Illuminate/Foundation/Application.php(1235): Illuminate/Foundation/Console/Kernel->handle()
#35 C:/Users/thiag/OneDrive/Desktop/virtual-notes2/artisan(16): Illuminate/Foundation/Application->handleCommand()
#36 {main}
"} 
[2026-08-15 15:58:46] local.ERROR: No arguments expected for "migrate" command, got "refresh". {"exception":"[object] (Symfony\\Component\\Console\\Exception\\RuntimeException(code: 0): No arguments expected for \"migrate\" command, got \"refresh\". at C:/Users/thiag/OneDrive/Desktop/virtual-notes2/vendor/symfony/console/Input/ArgvInput.php:199)
[stacktrace]
#0 C:/Users/thiag/OneDrive/Desktop/virtual-notes2/vendor/symfony/console/Input/ArgvInput.php(92): Symfony/Component/Console/Input/ArgvInput->parseArgument()
#1 C:/Users/thiag/OneDrive/Desktop/virtual-notes2/vendor/symfony/console/Input/ArgvInput.php(77): Symfony/Component/Console/Input/ArgvInput->parseToken()
#2 C:/Users/thiag/OneDrive/Desktop/virtual-notes2/vendor/symfony/console/Input/Input.php(53): Symfony/Component/Console/Input/ArgvInput->parse()
#3 C:/Users/thiag/OneDrive/Desktop/virtual-notes2/vendor/symfony/console/Command/Command.php(245): Symfony/Component/Console/Input/Input->bind()
#4 C:/Users/thiag/OneDrive/Desktop/virtual-notes2/vendor/laravel/framework/src/Illuminate/Console/Command.php(249): Symfony/Component/Console/Command/Command->run()
#5 C:/Users/thiag/OneDrive/Desktop/virtual-notes2/vendor/symfony/console/Application.php(1107): Illuminate/Console/Command->run()
#6 C:/Users/thiag/OneDrive/Desktop/virtual-notes2/vendor/symfony/console/Application.php(356): Symfony/Component/Console/Application->doRunCommand()
#7 C:/Users/thiag/OneDrive/Desktop/virtual-notes2/vendor/symfony/console/Application.php(195): Symfony/Component/Console/Application->doRun()
#8 C:/Users/thiag/OneDrive/Desktop/virtual-notes2/vendor/laravel/framework/src/Illuminate/Foundation/Console/Kernel.php(198): Symfony/Component/Console/Application->run()
#9 C:/Users/thiag/OneDrive/Desktop/virtual-notes2/vendor/laravel/framework/src/Illuminate/Foundation/Application.php(1235): Illuminate/Foundation/Console/Kernel->handle()
#10 C:/Users/thiag/OneDrive/Desktop/virtual-notes2/artisan(16): Illuminate/Foundation/Application->handleCommand()
#11 {main}
"} 
[2026-08-15 15:59:05] local.ERROR: No arguments expected for "refresh" command, got "migrate". {"exception":"[object] (Symfony\\Component\\Console\\Exception\\RuntimeException(code: 0): No arguments expected for \"refresh\" command, got \"migrate\". at C:/Users/thiag/OneDrive/Desktop/virtual-notes2/vendor/symfony/console/Input/ArgvInput.php:199)
[stacktrace]
#0 C:/Users/thiag/OneDrive/Desktop/virtual-notes2/vendor/symfony/console/Input/ArgvInput.php(92): Symfony/Component/Console/Input/ArgvInput->parseArgument()
#1 C:/Users/thiag/OneDrive/Desktop/virtual-notes2/vendor/symfony/console/Input/ArgvInput.php(77): Symfony/Component/Console/Input/ArgvInput->parseToken()
#2 C:/Users/thiag/OneDrive/Desktop/virtual-notes2/vendor/symfony/console/Input/Input.php(53): Symfony/Component/Console/Input/ArgvInput->parse()
#3 C:/Users/thiag/OneDrive/Desktop/virtual-notes2/vendor/symfony/console/Command/Command.php(245): Symfony/Component/Console/Input/Input->bind()
#4 C:/Users/thiag/OneDrive/Desktop/virtual-notes2/vendor/laravel/framework/src/Illuminate/Console/Command.php(249): Symfony/Component/Console/Command/Command->run()
#5 C:/Users/thiag/OneDrive/Desktop/virtual-notes2/vendor/symfony/console/Application.php(1107): Illuminate/Console/Command->run()
#6 C:/Users/thiag/OneDrive/Desktop/virtual-notes2/vendor/symfony/console/Application.php(356): Symfony/Component/Console/Application->doRunCommand()
#7 C:/Users/thiag/OneDrive/Desktop/virtual-notes2/vendor/symfony/console/Application.php(195): Symfony/Component/Console/Application->doRun()
#8 C:/Users/thiag/OneDrive/Desktop/virtual-notes2/vendor/laravel/framework/src/Illuminate/Foundation/Console/Kernel.php(198): Symfony/Component/Console/Application->run()
#9 C:/Users/thiag/OneDrive/Desktop/virtual-notes2/vendor/laravel/framework/src/Illuminate/Foundation/Application.php(1235): Illuminate/Foundation/Console/Kernel->handle()
#10 C:/Users/thiag/OneDrive/Desktop/virtual-notes2/artisan(16): Illuminate/Foundation/Application->handleCommand()
#11 {main}
"} 
[2026-08-15 16:00:47] local.ERROR: SQLSTATE[42S01]: Base table or view already exists: 1050 Table 'equipamentos' already exists (Connection: mysql, Host: 127.0.0.1, Port: 3306, Database: todo_list, SQL: create table `equipamentos` (`id` bigint unsigned not null auto_increment primary key, `nome` varchar(100) not null, `descricao` text null, `quantidade` int not null default '0', `created_at` timestamp null, `updated_at` timestamp null) default character set utf8mb4 collate 'utf8mb4_unicode_ci') {"exception":"[object] (Illuminate\\Database\\QueryException(code: 42S01): SQLSTATE[42S01]: Base table or view already exists: 1050 Table 'equipamentos' already exists (Connection: mysql, Host: 127.0.0.1, Port: 3306, Database: todo_list, SQL: create table `equipamentos` (`id` bigint unsigned not null auto_increment primary key, `nome` varchar(100) not null, `descricao` text null, `quantidade` int not null default '0', `created_at` timestamp null, `updated_at` timestamp null) default character set utf8mb4 collate 'utf8mb4_unicode_ci') at C:/Users/thiag/OneDrive/Desktop/virtual-notes2/vendor/laravel/framework/src/Illuminate/Database/Connection.php:841)
[stacktrace]
#0 C:/Users/thiag/OneDrive/Desktop/virtual-notes2/vendor/laravel/framework/src/Illuminate/Database/Connection.php(797): Illuminate/Database/Connection->runQueryCallback()
#1 C:/Users/thiag/OneDrive/Desktop/virtual-notes2/vendor/laravel/framework/src/Illuminate/Database/Connection.php(576): Illuminate/Database/Connection->run()
#2 C:/Users/thiag/OneDrive/Desktop/virtual-notes2/vendor/laravel/framework/src/Illuminate/Database/Schema/Blueprint.php(121): Illuminate/Database/Connection->statement()
#3 C:/Users/thiag/OneDrive/Desktop/virtual-notes2/vendor/laravel/framework/src/Illuminate/Database/Schema/Builder.php(690): Illuminate/Database/Schema/Blueprint->build()
#4 C:/Users/thiag/OneDrive/Desktop/virtual-notes2/vendor/laravel/framework/src/Illuminate/Database/Schema/Builder.php(508): Illuminate/Database/Schema/Builder->build()
#5 C:/Users/thiag/OneDrive/Desktop/virtual-notes2/vendor/laravel/framework/src/Illuminate/Support/Facades/Facade.php(363): Illuminate/Database/Schema/Builder->create()
#6 C:/Users/thiag/OneDrive/Desktop/virtual-notes2/database/migrations/2026_08_12_141105_equipamentos.php.php(14): Illuminate/Support/Facades/Facade::__callStatic()
#7 C:/Users/thiag/OneDrive/Desktop/virtual-notes2/vendor/laravel/framework/src/Illuminate/Database/Migrations/Migrator.php(517): Illuminate/Database/Migrations/Migration@anonymous->up()
#8 C:/Users/thiag/OneDrive/Desktop/virtual-notes2/vendor/laravel/framework/src/Illuminate/Database/Migrations/Migrator.php(442): Illuminate/Database/Migrations/Migrator->runMethod()
#9 C:/Users/thiag/OneDrive/Desktop/virtual-notes2/vendor/laravel/framework/src/Illuminate/Database/Migrations/Migrator.php(451): Illuminate/Database/Migrations/Migrator->{closure:Illuminate/Database/Migrations/Migrator::runMigration():438}()
#10 C:/Users/thiag/OneDrive/Desktop/virtual-notes2/vendor/laravel/framework/src/Illuminate/Database/Migrations/Migrator.php(253): Illuminate/Database/Migrations/Migrator->runMigration()
#11 C:/Users/thiag/OneDrive/Desktop/virtual-notes2/vendor/laravel/framework/src/Illuminate/Console/View/Components/Task.php(43): Illuminate/Database/Migrations/Migrator->{closure:Illuminate/Database/Migrations/Migrator::runUp():253}()
#12 C:/Users/thiag/OneDrive/Desktop/virtual-notes2/vendor/laravel/framework/src/Illuminate/Database/Migrations/Migrator.php(814): Illuminate/Console/View/Components/Task->render()
#13 C:/Users/thiag/OneDrive/Desktop/virtual-notes2/vendor/laravel/framework/src/Illuminate/Database/Migrations/Migrator.php(253): Illuminate/Database/Migrations/Migrator->write()
#14 C:/Users/thiag/OneDrive/Desktop/virtual-notes2/vendor/laravel/framework/src/Illuminate/Database/Migrations/Migrator.php(211): Illuminate/Database/Migrations/Migrator->runUp()
#15 C:/Users/thiag/OneDrive/Desktop/virtual-notes2/vendor/laravel/framework/src/Illuminate/Database/Migrations/Migrator.php(138): Illuminate/Database/Migrations/Migrator->runPending()
#16 C:/Users/thiag/OneDrive/Desktop/virtual-notes2/vendor/laravel/framework/src/Illuminate/Database/Console/Migrations/MigrateCommand.php(118): Illuminate/Database/Migrations/Migrator->run()
#17 C:/Users/thiag/OneDrive/Desktop/virtual-notes2/vendor/laravel/framework/src/Illuminate/Database/Migrations/Migrator.php(671): Illuminate/Database/Console/Migrations/MigrateCommand->{closure:Illuminate/Database/Console/Migrations/MigrateCommand::runMigrations():111}()
#18 C:/Users/thiag/OneDrive/Desktop/virtual-notes2/vendor/laravel/framework/src/Illuminate/Database/Console/Migrations/MigrateCommand.php(111): Illuminate/Database/Migrations/Migrator->usingConnection()
#19 C:/Users/thiag/OneDrive/Desktop/virtual-notes2/vendor/laravel/framework/src/Illuminate/Database/Console/Migrations/MigrateCommand.php(90): Illuminate/Database/Console/Migrations/MigrateCommand->runMigrations()
#20 C:/Users/thiag/OneDrive/Desktop/virtual-notes2/vendor/laravel/framework/src/Illuminate/Container/BoundMethod.php(36): Illuminate/Database/Console/Migrations/MigrateCommand->handle()
#21 C:/Users/thiag/OneDrive/Desktop/virtual-notes2/vendor/laravel/framework/src/Illuminate/Container/Util.php(43): Illuminate/Container/BoundMethod::{closure:Illuminate/Container/BoundMethod::call():35}()
#22 C:/Users/thiag/OneDrive/Desktop/virtual-notes2/vendor/laravel/framework/src/Illuminate/Container/BoundMethod.php(96): Illuminate/Container/Util::unwrapIfClosure()
#23 C:/Users/thiag/OneDrive/Desktop/virtual-notes2/vendor/laravel/framework/src/Illuminate/Container/BoundMethod.php(35): Illuminate/Container/BoundMethod::callBoundMethod()
#24 C:/Users/thiag/OneDrive/Desktop/virtual-notes2/vendor/laravel/framework/src/Illuminate/Container/Container.php(799): Illuminate/Container/BoundMethod::call()
#25 C:/Users/thiag/OneDrive/Desktop/virtual-notes2/vendor/laravel/framework/src/Illuminate/Console/Command.php(280): Illuminate/Container/Container->call()
#26 C:/Users/thiag/OneDrive/Desktop/virtual-notes2/vendor/symfony/console/Command/Command.php(291): Illuminate/Console/Command->execute()
#27 C:/Users/thiag/OneDrive/Desktop/virtual-notes2/vendor/laravel/framework/src/Illuminate/Console/Command.php(249): Symfony/Component/Console/Command/Command->run()
#28 C:/Users/thiag/OneDrive/Desktop/virtual-notes2/vendor/symfony/console/Application.php(1107): Illuminate/Console/Command->run()
#29 C:/Users/thiag/OneDrive/Desktop/virtual-notes2/vendor/symfony/console/Application.php(356): Symfony/Component/Console/Application->doRunCommand()
#30 C:/Users/thiag/OneDrive/Desktop/virtual-notes2/vendor/symfony/console/Application.php(195): Symfony/Component/Console/Application->doRun()
#31 C:/Users/thiag/OneDrive/Desktop/virtual-notes2/vendor/laravel/framework/src/Illuminate/Foundation/Console/Kernel.php(198): Symfony/Component/Console/Application->run()
#32 C:/Users/thiag/OneDrive/Desktop/virtual-notes2/vendor/laravel/framework/src/Illuminate/Foundation/Application.php(1235): Illuminate/Foundation/Console/Kernel->handle()
#33 C:/Users/thiag/OneDrive/Desktop/virtual-notes2/artisan(16): Illuminate/Foundation/Application->handleCommand()
#34 {main}

[previous exception] [object] (PDOException(code: 42S01): SQLSTATE[42S01]: Base table or view already exists: 1050 Table 'equipamentos' already exists at C:/Users/thiag/OneDrive/Desktop/virtual-notes2/vendor/laravel/framework/src/Illuminate/Database/Connection.php:587)
[stacktrace]
#0 C:/Users/thiag/OneDrive/Desktop/virtual-notes2/vendor/laravel/framework/src/Illuminate/Database/Connection.php(587): PDOStatement->execute()
#1 C:/Users/thiag/OneDrive/Desktop/virtual-notes2/vendor/laravel/framework/src/Illuminate/Database/Connection.php(830): Illuminate/Database/Connection->{closure:Illuminate/Database/Connection::statement():576}()
#2 C:/Users/thiag/OneDrive/Desktop/virtual-notes2/vendor/laravel/framework/src/Illuminate/Database/Connection.php(797): Illuminate/Database/Connection->runQueryCallback()
#3 C:/Users/thiag/OneDrive/Desktop/virtual-notes2/vendor/laravel/framework/src/Illuminate/Database/Connection.php(576): Illuminate/Database/Connection->run()
#4 C:/Users/thiag/OneDrive/Desktop/virtual-notes2/vendor/laravel/framework/src/Illuminate/Database/Schema/Blueprint.php(121): Illuminate/Database/Connection->statement()
#5 C:/Users/thiag/OneDrive/Desktop/virtual-notes2/vendor/laravel/framework/src/Illuminate/Database/Schema/Builder.php(690): Illuminate/Database/Schema/Blueprint->build()
#6 C:/Users/thiag/OneDrive/Desktop/virtual-notes2/vendor/laravel/framework/src/Illuminate/Database/Schema/Builder.php(508): Illuminate/Database/Schema/Builder->build()
#7 C:/Users/thiag/OneDrive/Desktop/virtual-notes2/vendor/laravel/framework/src/Illuminate/Support/Facades/Facade.php(363): Illuminate/Database/Schema/Builder->create()
#8 C:/Users/thiag/OneDrive/Desktop/virtual-notes2/database/migrations/2026_08_12_141105_equipamentos.php.php(14): Illuminate/Support/Facades/Facade::__callStatic()
#9 C:/Users/thiag/OneDrive/Desktop/virtual-notes2/vendor/laravel/framework/src/Illuminate/Database/Migrations/Migrator.php(517): Illuminate/Database/Migrations/Migration@anonymous->up()
#10 C:/Users/thiag/OneDrive/Desktop/virtual-notes2/vendor/laravel/framework/src/Illuminate/Database/Migrations/Migrator.php(442): Illuminate/Database/Migrations/Migrator->runMethod()
#11 C:/Users/thiag/OneDrive/Desktop/virtual-notes2/vendor/laravel/framework/src/Illuminate/Database/Migrations/Migrator.php(451): Illuminate/Database/Migrations/Migrator->{closure:Illuminate/Database/Migrations/Migrator::runMigration():438}()
#12 C:/Users/thiag/OneDrive/Desktop/virtual-notes2/vendor/laravel/framework/src/Illuminate/Database/Migrations/Migrator.php(253): Illuminate/Database/Migrations/Migrator->runMigration()
#13 C:/Users/thiag/OneDrive/Desktop/virtual-notes2/vendor/laravel/framework/src/Illuminate/Console/View/Components/Task.php(43): Illuminate/Database/Migrations/Migrator->{closure:Illuminate/Database/Migrations/Migrator::runUp():253}()
#14 C:/Users/thiag/OneDrive/Desktop/virtual-notes2/vendor/laravel/framework/src/Illuminate/Database/Migrations/Migrator.php(814): Illuminate/Console/View/Components/Task->render()
#15 C:/Users/thiag/OneDrive/Desktop/virtual-notes2/vendor/laravel/framework/src/Illuminate/Database/Migrations/Migrator.php(253): Illuminate/Database/Migrations/Migrator->write()
#16 C:/Users/thiag/OneDrive/Desktop/virtual-notes2/vendor/laravel/framework/src/Illuminate/Database/Migrations/Migrator.php(211): Illuminate/Database/Migrations/Migrator->runUp()
#17 C:/Users/thiag/OneDrive/Desktop/virtual-notes2/vendor/laravel/framework/src/Illuminate/Database/Migrations/Migrator.php(138): Illuminate/Database/Migrations/Migrator->runPending()
#18 C:/Users/thiag/OneDrive/Desktop/virtual-notes2/vendor/laravel/framework/src/Illuminate/Database/Console/Migrations/MigrateCommand.php(118): Illuminate/Database/Migrations/Migrator->run()
#19 C:/Users/thiag/OneDrive/Desktop/virtual-notes2/vendor/laravel/framework/src/Illuminate/Database/Migrations/Migrator.php(671): Illuminate/Database/Console/Migrations/MigrateCommand->{closure:Illuminate/Database/Console/Migrations/MigrateCommand::runMigrations():111}()
#20 C:/Users/thiag/OneDrive/Desktop/virtual-notes2/vendor/laravel/framework/src/Illuminate/Database/Console/Migrations/MigrateCommand.php(111): Illuminate/Database/Migrations/Migrator->usingConnection()
#21 C:/Users/thiag/OneDrive/Desktop/virtual-notes2/vendor/laravel/framework/src/Illuminate/Database/Console/Migrations/MigrateCommand.php(90): Illuminate/Database/Console/Migrations/MigrateCommand->runMigrations()
#22 C:/Users/thiag/OneDrive/Desktop/virtual-notes2/vendor/laravel/framework/src/Illuminate/Container/BoundMethod.php(36): Illuminate/Database/Console/Migrations/MigrateCommand->handle()
#23 C:/Users/thiag/OneDrive/Desktop/virtual-notes2/vendor/laravel/framework/src/Illuminate/Container/Util.php(43): Illuminate/Container/BoundMethod::{closure:Illuminate/Container/BoundMethod::call():35}()
#24 C:/Users/thiag/OneDrive/Desktop/virtual-notes2/vendor/laravel/framework/src/Illuminate/Container/BoundMethod.php(96): Illuminate/Container/Util::unwrapIfClosure()
#25 C:/Users/thiag/OneDrive/Desktop/virtual-notes2/vendor/laravel/framework/src/Illuminate/Container/BoundMethod.php(35): Illuminate/Container/BoundMethod::callBoundMethod()
#26 C:/Users/thiag/OneDrive/Desktop/virtual-notes2/vendor/laravel/framework/src/Illuminate/Container/Container.php(799): Illuminate/Container/BoundMethod::call()
#27 C:/Users/thiag/OneDrive/Desktop/virtual-notes2/vendor/laravel/framework/src/Illuminate/Console/Command.php(280): Illuminate/Container/Container->call()
#28 C:/Users/thiag/OneDrive/Desktop/virtual-notes2/vendor/symfony/console/Command/Command.php(291): Illuminate/Console/Command->execute()
#29 C:/Users/thiag/OneDrive/Desktop/virtual-notes2/vendor/laravel/framework/src/Illuminate/Console/Command.php(249): Symfony/Component/Console/Command/Command->run()
#30 C:/Users/thiag/OneDrive/Desktop/virtual-notes2/vendor/symfony/console/Application.php(1107): Illuminate/Console/Command->run()
#31 C:/Users/thiag/OneDrive/Desktop/virtual-notes2/vendor/symfony/console/Application.php(356): Symfony/Component/Console/Application->doRunCommand()
#32 C:/Users/thiag/OneDrive/Desktop/virtual-notes2/vendor/symfony/console/Application.php(195): Symfony/Component/Console/Application->doRun()
#33 C:/Users/thiag/OneDrive/Desktop/virtual-notes2/vendor/laravel/framework/src/Illuminate/Foundation/Console/Kernel.php(198): Symfony/Component/Console/Application->run()
#34 C:/Users/thiag/OneDrive/Desktop/virtual-notes2/vendor/laravel/framework/src/Illuminate/Foundation/Application.php(1235): Illuminate/Foundation/Console/Kernel->handle()
#35 C:/Users/thiag/OneDrive/Desktop/virtual-notes2/artisan(16): Illuminate/Foundation/Application->handleCommand()
#36 {main}
"} 
[2026-08-15 16:01:07] local.ERROR: SQLSTATE[42S01]: Base table or view already exists: 1050 Table 'equipamentos' already exists (Connection: mysql, Host: 127.0.0.1, Port: 3306, Database: todo_list, SQL: create table `equipamentos` (`id` bigint unsigned not null auto_increment primary key, `nome` varchar(100) not null, `descricao` text null, `quantidade` int not null default '0', `created_at` timestamp null, `updated_at` timestamp null) default character set utf8mb4 collate 'utf8mb4_unicode_ci') {"exception":"[object] (Illuminate\\Database\\QueryException(code: 42S01): SQLSTATE[42S01]: Base table or view already exists: 1050 Table 'equipamentos' already exists (Connection: mysql, Host: 127.0.0.1, Port: 3306, Database: todo_list, SQL: create table `equipamentos` (`id` bigint unsigned not null auto_increment primary key, `nome` varchar(100) not null, `descricao` text null, `quantidade` int not null default '0', `created_at` timestamp null, `updated_at` timestamp null) default character set utf8mb4 collate 'utf8mb4_unicode_ci') at C:/Users/thiag/OneDrive/Desktop/virtual-notes2/vendor/laravel/framework/src/Illuminate/Database/Connection.php:841)
[stacktrace]
#0 C:/Users/thiag/OneDrive/Desktop/virtual-notes2/vendor/laravel/framework/src/Illuminate/Database/Connection.php(797): Illuminate/Database/Connection->runQueryCallback()
#1 C:/Users/thiag/OneDrive/Desktop/virtual-notes2/vendor/laravel/framework/src/Illuminate/Database/Connection.php(576): Illuminate/Database/Connection->run()
#2 C:/Users/thiag/OneDrive/Desktop/virtual-notes2/vendor/laravel/framework/src/Illuminate/Database/Schema/Blueprint.php(121): Illuminate/Database/Connection->statement()
#3 C:/Users/thiag/OneDrive/Desktop/virtual-notes2/vendor/laravel/framework/src/Illuminate/Database/Schema/Builder.php(690): Illuminate/Database/Schema/Blueprint->build()
#4 C:/Users/thiag/OneDrive/Desktop/virtual-notes2/vendor/laravel/framework/src/Illuminate/Database/Schema/Builder.php(508): Illuminate/Database/Schema/Builder->build()
#5 C:/Users/thiag/OneDrive/Desktop/virtual-notes2/vendor/laravel/framework/src/Illuminate/Support/Facades/Facade.php(363): Illuminate/Database/Schema/Builder->create()
#6 C:/Users/thiag/OneDrive/Desktop/virtual-notes2/database/migrations/2026_08_12_141105_equipamentos.php.php(14): Illuminate/Support/Facades/Facade::__callStatic()
#7 C:/Users/thiag/OneDrive/Desktop/virtual-notes2/vendor/laravel/framework/src/Illuminate/Database/Migrations/Migrator.php(517): Illuminate/Database/Migrations/Migration@anonymous->up()
#8 C:/Users/thiag/OneDrive/Desktop/virtual-notes2/vendor/laravel/framework/src/Illuminate/Database/Migrations/Migrator.php(442): Illuminate/Database/Migrations/Migrator->runMethod()
#9 C:/Users/thiag/OneDrive/Desktop/virtual-notes2/vendor/laravel/framework/src/Illuminate/Database/Migrations/Migrator.php(451): Illuminate/Database/Migrations/Migrator->{closure:Illuminate/Database/Migrations/Migrator::runMigration():438}()
#10 C:/Users/thiag/OneDrive/Desktop/virtual-notes2/vendor/laravel/framework/src/Illuminate/Database/Migrations/Migrator.php(253): Illuminate/Database/Migrations/Migrator->runMigration()
#11 C:/Users/thiag/OneDrive/Desktop/virtual-notes2/vendor/laravel/framework/src/Illuminate/Console/View/Components/Task.php(43): Illuminate/Database/Migrations/Migrator->{closure:Illuminate/Database/Migrations/Migrator::runUp():253}()
#12 C:/Users/thiag/OneDrive/Desktop/virtual-notes2/vendor/laravel/framework/src/Illuminate/Database/Migrations/Migrator.php(814): Illuminate/Console/View/Components/Task->render()
#13 C:/Users/thiag/OneDrive/Desktop/virtual-notes2/vendor/laravel/framework/src/Illuminate/Database/Migrations/Migrator.php(253): Illuminate/Database/Migrations/Migrator->write()
#14 C:/Users/thiag/OneDrive/Desktop/virtual-notes2/vendor/laravel/framework/src/Illuminate/Database/Migrations/Migrator.php(211): Illuminate/Database/Migrations/Migrator->runUp()
#15 C:/Users/thiag/OneDrive/Desktop/virtual-notes2/vendor/laravel/framework/src/Illuminate/Database/Migrations/Migrator.php(138): Illuminate/Database/Migrations/Migrator->runPending()
#16 C:/Users/thiag/OneDrive/Desktop/virtual-notes2/vendor/laravel/framework/src/Illuminate/Database/Console/Migrations/MigrateCommand.php(118): Illuminate/Database/Migrations/Migrator->run()
#17 C:/Users/thiag/OneDrive/Desktop/virtual-notes2/vendor/laravel/framework/src/Illuminate/Database/Migrations/Migrator.php(671): Illuminate/Database/Console/Migrations/MigrateCommand->{closure:Illuminate/Database/Console/Migrations/MigrateCommand::runMigrations():111}()
#18 C:/Users/thiag/OneDrive/Desktop/virtual-notes2/vendor/laravel/framework/src/Illuminate/Database/Console/Migrations/MigrateCommand.php(111): Illuminate/Database/Migrations/Migrator->usingConnection()
#19 C:/Users/thiag/OneDrive/Desktop/virtual-notes2/vendor/laravel/framework/src/Illuminate/Database/Console/Migrations/MigrateCommand.php(90): Illuminate/Database/Console/Migrations/MigrateCommand->runMigrations()
#20 C:/Users/thiag/OneDrive/Desktop/virtual-notes2/vendor/laravel/framework/src/Illuminate/Container/BoundMethod.php(36): Illuminate/Database/Console/Migrations/MigrateCommand->handle()
#21 C:/Users/thiag/OneDrive/Desktop/virtual-notes2/vendor/laravel/framework/src/Illuminate/Container/Util.php(43): Illuminate/Container/BoundMethod::{closure:Illuminate/Container/BoundMethod::call():35}()
#22 C:/Users/thiag/OneDrive/Desktop/virtual-notes2/vendor/laravel/framework/src/Illuminate/Container/BoundMethod.php(96): Illuminate/Container/Util::unwrapIfClosure()
#23 C:/Users/thiag/OneDrive/Desktop/virtual-notes2/vendor/laravel/framework/src/Illuminate/Container/BoundMethod.php(35): Illuminate/Container/BoundMethod::callBoundMethod()
#24 C:/Users/thiag/OneDrive/Desktop/virtual-notes2/vendor/laravel/framework/src/Illuminate/Container/Container.php(799): Illuminate/Container/BoundMethod::call()
#25 C:/Users/thiag/OneDrive/Desktop/virtual-notes2/vendor/laravel/framework/src/Illuminate/Console/Command.php(280): Illuminate/Container/Container->call()
#26 C:/Users/thiag/OneDrive/Desktop/virtual-notes2/vendor/symfony/console/Command/Command.php(291): Illuminate/Console/Command->execute()
#27 C:/Users/thiag/OneDrive/Desktop/virtual-notes2/vendor/laravel/framework/src/Illuminate/Console/Command.php(249): Symfony/Component/Console/Command/Command->run()
#28 C:/Users/thiag/OneDrive/Desktop/virtual-notes2/vendor/laravel/framework/src/Illuminate/Console/Concerns/CallsCommands.php(68): Illuminate/Console/Command->run()
#29 C:/Users/thiag/OneDrive/Desktop/virtual-notes2/vendor/laravel/framework/src/Illuminate/Console/Concerns/CallsCommands.php(29): Illuminate/Console/Command->runCommand()
#30 C:/Users/thiag/OneDrive/Desktop/virtual-notes2/vendor/laravel/framework/src/Illuminate/Database/Console/Migrations/FreshCommand.php(88): Illuminate/Console/Command->call()
#31 C:/Users/thiag/OneDrive/Desktop/virtual-notes2/vendor/laravel/framework/src/Illuminate/Container/BoundMethod.php(36): Illuminate/Database/Console/Migrations/FreshCommand->handle()
#32 C:/Users/thiag/OneDrive/Desktop/virtual-notes2/vendor/laravel/framework/src/Illuminate/Container/Util.php(43): Illuminate/Container/BoundMethod::{closure:Illuminate/Container/BoundMethod::call():35}()
#33 C:/Users/thiag/OneDrive/Desktop/virtual-notes2/vendor/laravel/framework/src/Illuminate/Container/BoundMethod.php(96): Illuminate/Container/Util::unwrapIfClosure()
#34 C:/Users/thiag/OneDrive/Desktop/virtual-notes2/vendor/laravel/framework/src/Illuminate/Container/BoundMethod.php(35): Illuminate/Container/BoundMethod::callBoundMethod()
#35 C:/Users/thiag/OneDrive/Desktop/virtual-notes2/vendor/laravel/framework/src/Illuminate/Container/Container.php(799): Illuminate/Container/BoundMethod::call()
#36 C:/Users/thiag/OneDrive/Desktop/virtual-notes2/vendor/laravel/framework/src/Illuminate/Console/Command.php(280): Illuminate/Container/Container->call()
#37 C:/Users/thiag/OneDrive/Desktop/virtual-notes2/vendor/symfony/console/Command/Command.php(291): Illuminate/Console/Command->execute()
#38 C:/Users/thiag/OneDrive/Desktop/virtual-notes2/vendor/laravel/framework/src/Illuminate/Console/Command.php(249): Symfony/Component/Console/Command/Command->run()
#39 C:/Users/thiag/OneDrive/Desktop/virtual-notes2/vendor/symfony/console/Application.php(1107): Illuminate/Console/Command->run()
#40 C:/Users/thiag/OneDrive/Desktop/virtual-notes2/vendor/symfony/console/Application.php(356): Symfony/Component/Console/Application->doRunCommand()
#41 C:/Users/thiag/OneDrive/Desktop/virtual-notes2/vendor/symfony/console/Application.php(195): Symfony/Component/Console/Application->doRun()
#42 C:/Users/thiag/OneDrive/Desktop/virtual-notes2/vendor/laravel/framework/src/Illuminate/Foundation/Console/Kernel.php(198): Symfony/Component/Console/Application->run()
#43 C:/Users/thiag/OneDrive/Desktop/virtual-notes2/vendor/laravel/framework/src/Illuminate/Foundation/Application.php(1235): Illuminate/Foundation/Console/Kernel->handle()
#44 C:/Users/thiag/OneDrive/Desktop/virtual-notes2/artisan(16): Illuminate/Foundation/Application->handleCommand()
#45 {main}

[previous exception] [object] (PDOException(code: 42S01): SQLSTATE[42S01]: Base table or view already exists: 1050 Table 'equipamentos' already exists at C:/Users/thiag/OneDrive/Desktop/virtual-notes2/vendor/laravel/framework/src/Illuminate/Database/Connection.php:587)
[stacktrace]
#0 C:/Users/thiag/OneDrive/Desktop/virtual-notes2/vendor/laravel/framework/src/Illuminate/Database/Connection.php(587): PDOStatement->execute()
#1 C:/Users/thiag/OneDrive/Desktop/virtual-notes2/vendor/laravel/framework/src/Illuminate/Database/Connection.php(830): Illuminate/Database/Connection->{closure:Illuminate/Database/Connection::statement():576}()
#2 C:/Users/thiag/OneDrive/Desktop/virtual-notes2/vendor/laravel/framework/src/Illuminate/Database/Connection.php(797): Illuminate/Database/Connection->runQueryCallback()
#3 C:/Users/thiag/OneDrive/Desktop/virtual-notes2/vendor/laravel/framework/src/Illuminate/Database/Connection.php(576): Illuminate/Database/Connection->run()
#4 C:/Users/thiag/OneDrive/Desktop/virtual-notes2/vendor/laravel/framework/src/Illuminate/Database/Schema/Blueprint.php(121): Illuminate/Database/Connection->statement()
#5 C:/Users/thiag/OneDrive/Desktop/virtual-notes2/vendor/laravel/framework/src/Illuminate/Database/Schema/Builder.php(690): Illuminate/Database/Schema/Blueprint->build()
#6 C:/Users/thiag/OneDrive/Desktop/virtual-notes2/vendor/laravel/framework/src/Illuminate/Database/Schema/Builder.php(508): Illuminate/Database/Schema/Builder->build()
#7 C:/Users/thiag/OneDrive/Desktop/virtual-notes2/vendor/laravel/framework/src/Illuminate/Support/Facades/Facade.php(363): Illuminate/Database/Schema/Builder->create()
#8 C:/Users/thiag/OneDrive/Desktop/virtual-notes2/database/migrations/2026_08_12_141105_equipamentos.php.php(14): Illuminate/Support/Facades/Facade::__callStatic()
#9 C:/Users/thiag/OneDrive/Desktop/virtual-notes2/vendor/laravel/framework/src/Illuminate/Database/Migrations/Migrator.php(517): Illuminate/Database/Migrations/Migration@anonymous->up()
#10 C:/Users/thiag/OneDrive/Desktop/virtual-notes2/vendor/laravel/framework/src/Illuminate/Database/Migrations/Migrator.php(442): Illuminate/Database/Migrations/Migrator->runMethod()
#11 C:/Users/thiag/OneDrive/Desktop/virtual-notes2/vendor/laravel/framework/src/Illuminate/Database/Migrations/Migrator.php(451): Illuminate/Database/Migrations/Migrator->{closure:Illuminate/Database/Migrations/Migrator::runMigration():438}()
#12 C:/Users/thiag/OneDrive/Desktop/virtual-notes2/vendor/laravel/framework/src/Illuminate/Database/Migrations/Migrator.php(253): Illuminate/Database/Migrations/Migrator->runMigration()
#13 C:/Users/thiag/OneDrive/Desktop/virtual-notes2/vendor/laravel/framework/src/Illuminate/Console/View/Components/Task.php(43): Illuminate/Database/Migrations/Migrator->{closure:Illuminate/Database/Migrations/Migrator::runUp():253}()
#14 C:/Users/thiag/OneDrive/Desktop/virtual-notes2/vendor/laravel/framework/src/Illuminate/Database/Migrations/Migrator.php(814): Illuminate/Console/View/Components/Task->render()
#15 C:/Users/thiag/OneDrive/Desktop/virtual-notes2/vendor/laravel/framework/src/Illuminate/Database/Migrations/Migrator.php(253): Illuminate/Database/Migrations/Migrator->write()
#16 C:/Users/thiag/OneDrive/Desktop/virtual-notes2/vendor/laravel/framework/src/Illuminate/Database/Migrations/Migrator.php(211): Illuminate/Database/Migrations/Migrator->runUp()
#17 C:/Users/thiag/OneDrive/Desktop/virtual-notes2/vendor/laravel/framework/src/Illuminate/Database/Migrations/Migrator.php(138): Illuminate/Database/Migrations/Migrator->runPending()
#18 C:/Users/thiag/OneDrive/Desktop/virtual-notes2/vendor/laravel/framework/src/Illuminate/Database/Console/Migrations/MigrateCommand.php(118): Illuminate/Database/Migrations/Migrator->run()
#19 C:/Users/thiag/OneDrive/Desktop/virtual-notes2/vendor/laravel/framework/src/Illuminate/Database/Migrations/Migrator.php(671): Illuminate/Database/Console/Migrations/MigrateCommand->{closure:Illuminate/Database/Console/Migrations/MigrateCommand::runMigrations():111}()
#20 C:/Users/thiag/OneDrive/Desktop/virtual-notes2/vendor/laravel/framework/src/Illuminate/Database/Console/Migrations/MigrateCommand.php(111): Illuminate/Database/Migrations/Migrator->usingConnection()
#21 C:/Users/thiag/OneDrive/Desktop/virtual-notes2/vendor/laravel/framework/src/Illuminate/Database/Console/Migrations/MigrateCommand.php(90): Illuminate/Database/Console/Migrations/MigrateCommand->runMigrations()
#22 C:/Users/thiag/OneDrive/Desktop/virtual-notes2/vendor/laravel/framework/src/Illuminate/Container/BoundMethod.php(36): Illuminate/Database/Console/Migrations/MigrateCommand->handle()
#23 C:/Users/thiag/OneDrive/Desktop/virtual-notes2/vendor/laravel/framework/src/Illuminate/Container/Util.php(43): Illuminate/Container/BoundMethod::{closure:Illuminate/Container/BoundMethod::call():35}()
#24 C:/Users/thiag/OneDrive/Desktop/virtual-notes2/vendor/laravel/framework/src/Illuminate/Container/BoundMethod.php(96): Illuminate/Container/Util::unwrapIfClosure()
#25 C:/Users/thiag/OneDrive/Desktop/virtual-notes2/vendor/laravel/framework/src/Illuminate/Container/BoundMethod.php(35): Illuminate/Container/BoundMethod::callBoundMethod()
#26 C:/Users/thiag/OneDrive/Desktop/virtual-notes2/vendor/laravel/framework/src/Illuminate/Container/Container.php(799): Illuminate/Container/BoundMethod::call()
#27 C:/Users/thiag/OneDrive/Desktop/virtual-notes2/vendor/laravel/framework/src/Illuminate/Console/Command.php(280): Illuminate/Container/Container->call()
#28 C:/Users/thiag/OneDrive/Desktop/virtual-notes2/vendor/symfony/console/Command/Command.php(291): Illuminate/Console/Command->execute()
#29 C:/Users/thiag/OneDrive/Desktop/virtual-notes2/vendor/laravel/framework/src/Illuminate/Console/Command.php(249): Symfony/Component/Console/Command/Command->run()
#30 C:/Users/thiag/OneDrive/Desktop/virtual-notes2/vendor/laravel/framework/src/Illuminate/Console/Concerns/CallsCommands.php(68): Illuminate/Console/Command->run()
#31 C:/Users/thiag/OneDrive/Desktop/virtual-notes2/vendor/laravel/framework/src/Illuminate/Console/Concerns/CallsCommands.php(29): Illuminate/Console/Command->runCommand()
#32 C:/Users/thiag/OneDrive/Desktop/virtual-notes2/vendor/laravel/framework/src/Illuminate/Database/Console/Migrations/FreshCommand.php(88): Illuminate/Console/Command->call()
#33 C:/Users/thiag/OneDrive/Desktop/virtual-notes2/vendor/laravel/framework/src/Illuminate/Container/BoundMethod.php(36): Illuminate/Database/Console/Migrations/FreshCommand->handle()
#34 C:/Users/thiag/OneDrive/Desktop/virtual-notes2/vendor/laravel/framework/src/Illuminate/Container/Util.php(43): Illuminate/Container/BoundMethod::{closure:Illuminate/Container/BoundMethod::call():35}()
#35 C:/Users/thiag/OneDrive/Desktop/virtual-notes2/vendor/laravel/framework/src/Illuminate/Container/BoundMethod.php(96): Illuminate/Container/Util::unwrapIfClosure()
#36 C:/Users/thiag/OneDrive/Desktop/virtual-notes2/vendor/laravel/framework/src/Illuminate/Container/BoundMethod.php(35): Illuminate/Container/BoundMethod::callBoundMethod()
#37 C:/Users/thiag/OneDrive/Desktop/virtual-notes2/vendor/laravel/framework/src/Illuminate/Container/Container.php(799): Illuminate/Container/BoundMethod::call()
#38 C:/Users/thiag/OneDrive/Desktop/virtual-notes2/vendor/laravel/framework/src/Illuminate/Console/Command.php(280): Illuminate/Container/Container->call()
#39 C:/Users/thiag/OneDrive/Desktop/virtual-notes2/vendor/symfony/console/Command/Command.php(291): Illuminate/Console/Command->execute()
#40 C:/Users/thiag/OneDrive/Desktop/virtual-notes2/vendor/laravel/framework/src/Illuminate/Console/Command.php(249): Symfony/Component/Console/Command/Command->run()
#41 C:/Users/thiag/OneDrive/Desktop/virtual-notes2/vendor/symfony/console/Application.php(1107): Illuminate/Console/Command->run()
#42 C:/Users/thiag/OneDrive/Desktop/virtual-notes2/vendor/symfony/console/Application.php(356): Symfony/Component/Console/Application->doRunCommand()
#43 C:/Users/thiag/OneDrive/Desktop/virtual-notes2/vendor/symfony/console/Application.php(195): Symfony/Component/Console/Application->doRun()
#44 C:/Users/thiag/OneDrive/Desktop/virtual-notes2/vendor/laravel/framework/src/Illuminate/Foundation/Console/Kernel.php(198): Symfony/Component/Console/Application->run()
#45 C:/Users/thiag/OneDrive/Desktop/virtual-notes2/vendor/laravel/framework/src/Illuminate/Foundation/Application.php(1235): Illuminate/Foundation/Console/Kernel->handle()
#46 C:/Users/thiag/OneDrive/Desktop/virtual-notes2/artisan(16): Illuminate/Foundation/Application->handleCommand()
#47 {main}
"} 
[2026-08-16 03:37:55] local.INFO: Chamado created from dashboard {"id":1,"setor":"ces"} 
[2026-08-16 03:38:01] local.INFO: Chamado updated {"id":1,"changes":{"status":"fechado","fechado_em":"2026-08-16 03:38:01"}} 
[2026-08-16 13:53:03] local.ERROR: SQLSTATE[42S22]: Column not found: 1054 Unknown column 'chamado_id' in 'WHERE' (Connection: mysql, Host: 127.0.0.1, Port: 3306, Database: todo_list, SQL: select count(*) as aggregate from `equipamentos` where `chamado_id` is not null) {"userId":1,"exception":"[object] (Illuminate\\Database\\QueryException(code: 42S22): SQLSTATE[42S22]: Column not found: 1054 Unknown column 'chamado_id' in 'WHERE' (Connection: mysql, Host: 127.0.0.1, Port: 3306, Database: todo_list, SQL: select count(*) as aggregate from `equipamentos` where `chamado_id` is not null) at C:/Users/thiag/OneDrive/Desktop/virtual-notes2/vendor/laravel/framework/src/Illuminate/Database/Connection.php:841)
[stacktrace]
#0 C:/Users/thiag/OneDrive/Desktop/virtual-notes2/vendor/laravel/framework/src/Illuminate/Database/Connection.php(797): Illuminate/Database/Connection->runQueryCallback()
#1 C:/Users/thiag/OneDrive/Desktop/virtual-notes2/vendor/laravel/framework/src/Illuminate/Database/Connection.php(412): Illuminate/Database/Connection->run()
#2 C:/Users/thiag/OneDrive/Desktop/virtual-notes2/vendor/laravel/framework/src/Illuminate/Database/Query/Builder.php(3562): Illuminate/Database/Connection->select()
#3 C:/Users/thiag/OneDrive/Desktop/virtual-notes2/vendor/laravel/framework/src/Illuminate/Database/Query/Builder.php(3546): Illuminate/Database/Query/Builder->runSelect()
#4 C:/Users/thiag/OneDrive/Desktop/virtual-notes2/vendor/laravel/framework/src/Illuminate/Database/Query/Builder.php(4062): Illuminate/Database/Query/Builder->get()
#5 C:/Users/thiag/OneDrive/Desktop/virtual-notes2/vendor/laravel/framework/src/Illuminate/Database/Query/Builder.php(3990): Illuminate/Database/Query/Builder->aggregate()
#6 C:/Users/thiag/OneDrive/Desktop/virtual-notes2/vendor/laravel/framework/src/Illuminate/Database/Eloquent/Builder.php(2242): Illuminate/Database/Query/Builder->count()
#7 C:/Users/thiag/OneDrive/Desktop/virtual-notes2/app/Services/EquipamentoService.php(19): Illuminate/Database/Eloquent/Builder->__call()
#8 C:/Users/thiag/OneDrive/Desktop/virtual-notes2/app/Http/Controllers/DashboardController.php(21): App/Services/EquipamentoService->summary()
#9 C:/Users/thiag/OneDrive/Desktop/virtual-notes2/vendor/laravel/framework/src/Illuminate/Routing/ControllerDispatcher.php(46): App/Http/Controllers/DashboardController->index()
#10 C:/Users/thiag/OneDrive/Desktop/virtual-notes2/vendor/laravel/framework/src/Illuminate/Routing/Route.php(269): Illuminate/Routing/ControllerDispatcher->dispatch()
#11 C:/Users/thiag/OneDrive/Desktop/virtual-notes2/vendor/laravel/framework/src/Illuminate/Routing/Route.php(215): Illuminate/Routing/Route->runController()
#12 C:/Users/thiag/OneDrive/Desktop/virtual-notes2/vendor/laravel/framework/src/Illuminate/Routing/Router.php(822): Illuminate/Routing/Route->run()
#13 C:/Users/thiag/OneDrive/Desktop/virtual-notes2/vendor/laravel/framework/src/Illuminate/Pipeline/Pipeline.php(180): Illuminate/Routing/Router->{closure:Illuminate/Routing/Router::runRouteWithinStack():821}()
#14 C:/Users/thiag/OneDrive/Desktop/virtual-notes2/vendor/laravel/framework/src/Illuminate/Auth/Middleware/EnsureEmailIsVerified.php(41): Illuminate/Pipeline/Pipeline->{closure:Illuminate/Pipeline/Pipeline::prepareDestination():178}()
#15 C:/Users/thiag/OneDrive/Desktop/virtual-notes2/vendor/laravel/framework/src/Illuminate/Pipeline/Pipeline.php(219): Illuminate/Auth/Middleware/EnsureEmailIsVerified->handle()
#16 C:/Users/thiag/OneDrive/Desktop/virtual-notes2/vendor/laravel/framework/src/Illuminate/Http/Middleware/AddLinkHeadersForPreloadedAssets.php(32): Illuminate/Pipeline/Pipeline->{closure:{closure:Illuminate/Pipeline/Pipeline::carry():194}:195}()
#17 C:/Users/thiag/OneDrive/Desktop/virtual-notes2/vendor/laravel/framework/src/Illuminate/Pipeline/Pipeline.php(219): Illuminate/Http/Middleware/AddLinkHeadersForPreloadedAssets->handle()
#18 C:/Users/thiag/OneDrive/Desktop/virtual-notes2/vendor/inertiajs/inertia-laravel/src/Middleware.php(122): Illuminate/Pipeline/Pipeline->{closure:{closure:Illuminate/Pipeline/Pipeline::carry():194}:195}()
#19 C:/Users/thiag/OneDrive/Desktop/virtual-notes2/vendor/laravel/framework/src/Illuminate/Pipeline/Pipeline.php(219): Inertia/Middleware->handle()
#20 C:/Users/thiag/OneDrive/Desktop/virtual-notes2/app/Http/Middleware/HandleAppearance.php(21): Illuminate/Pipeline/Pipeline->{closure:{closure:Illuminate/Pipeline/Pipeline::carry():194}:195}()
#21 C:/Users/thiag/OneDrive/Desktop/virtual-notes2/vendor/laravel/framework/src/Illuminate/Pipeline/Pipeline.php(219): App/Http/Middleware/HandleAppearance->handle()
#22 C:/Users/thiag/OneDrive/Desktop/virtual-notes2/vendor/laravel/framework/src/Illuminate/Routing/Middleware/SubstituteBindings.php(52): Illuminate/Pipeline/Pipeline->{closure:{closure:Illuminate/Pipeline/Pipeline::carry():194}:195}()
#23 C:/Users/thiag/OneDrive/Desktop/virtual-notes2/vendor/laravel/framework/src/Illuminate/Pipeline/Pipeline.php(219): Illuminate/Routing/Middleware/SubstituteBindings->handle()
#24 C:/Users/thiag/OneDrive/Desktop/virtual-notes2/vendor/laravel/framework/src/Illuminate/Auth/Middleware/Authenticate.php(63): Illuminate/Pipeline/Pipeline->{closure:{closure:Illuminate/Pipeline/Pipeline::carry():194}:195}()
#25 C:/Users/thiag/OneDrive/Desktop/virtual-notes2/vendor/laravel/framework/src/Illuminate/Pipeline/Pipeline.php(219): Illuminate/Auth/Middleware/Authenticate->handle()
#26 C:/Users/thiag/OneDrive/Desktop/virtual-notes2/vendor/laravel/framework/src/Illuminate/Foundation/Http/Middleware/PreventRequestForgery.php(104): Illuminate/Pipeline/Pipeline->{closure:{closure:Illuminate/Pipeline/Pipeline::carry():194}:195}()
#27 C:/Users/thiag/OneDrive/Desktop/virtual-notes2/vendor/laravel/framework/src/Illuminate/Pipeline/Pipeline.php(219): Illuminate/Foundation/Http/Middleware/PreventRequestForgery->handle()
#28 C:/Users/thiag/OneDrive/Desktop/virtual-notes2/vendor/laravel/framework/src/Illuminate/View/Middleware/ShareErrorsFromSession.php(48): Illuminate/Pipeline/Pipeline->{closure:{closure:Illuminate/Pipeline/Pipeline::carry():194}:195}()
#29 C:/Users/thiag/OneDrive/Desktop/virtual-notes2/vendor/laravel/framework/src/Illuminate/Pipeline/Pipeline.php(219): Illuminate/View/Middleware/ShareErrorsFromSession->handle()
#30 C:/Users/thiag/OneDrive/Desktop/virtual-notes2/vendor/laravel/framework/src/Illuminate/Session/Middleware/StartSession.php(120): Illuminate/Pipeline/Pipeline->{closure:{closure:Illuminate/Pipeline/Pipeline::carry():194}:195}()
#31 C:/Users/thiag/OneDrive/Desktop/virtual-notes2/vendor/laravel/framework/src/Illuminate/Session/Middleware/StartSession.php(63): Illuminate/Session/Middleware/StartSession->handleStatefulRequest()
#32 C:/Users/thiag/OneDrive/Desktop/virtual-notes2/vendor/laravel/framework/src/Illuminate/Pipeline/Pipeline.php(219): Illuminate/Session/Middleware/StartSession->handle()
#33 C:/Users/thiag/OneDrive/Desktop/virtual-notes2/vendor/laravel/framework/src/Illuminate/Cookie/Middleware/AddQueuedCookiesToResponse.php(36): Illuminate/Pipeline/Pipeline->{closure:{closure:Illuminate/Pipeline/Pipeline::carry():194}:195}()
#34 C:/Users/thiag/OneDrive/Desktop/virtual-notes2/vendor/laravel/framework/src/Illuminate/Pipeline/Pipeline.php(219): Illuminate/Cookie/Middleware/AddQueuedCookiesToResponse->handle()
#35 C:/Users/thiag/OneDrive/Desktop/virtual-notes2/vendor/laravel/framework/src/Illuminate/Cookie/Middleware/EncryptCookies.php(74): Illuminate/Pipeline/Pipeline->{closure:{closure:Illuminate/Pipeline/Pipeline::carry():194}:195}()
#36 C:/Users/thiag/OneDrive/Desktop/virtual-notes2/vendor/laravel/framework/src/Illuminate/Pipeline/Pipeline.php(219): Illuminate/Cookie/Middleware/EncryptCookies->handle()
#37 C:/Users/thiag/OneDrive/Desktop/virtual-notes2/vendor/laravel/framework/src/Illuminate/Pipeline/Pipeline.php(137): Illuminate/Pipeline/Pipeline->{closure:{closure:Illuminate/Pipeline/Pipeline::carry():194}:195}()
#38 C:/Users/thiag/OneDrive/Desktop/virtual-notes2/vendor/laravel/framework/src/Illuminate/Routing/Router.php(821): Illuminate/Pipeline/Pipeline->then()
#39 C:/Users/thiag/OneDrive/Desktop/virtual-notes2/vendor/laravel/framework/src/Illuminate/Routing/Router.php(800): Illuminate/Routing/Router->runRouteWithinStack()
#40 C:/Users/thiag/OneDrive/Desktop/virtual-notes2/vendor/laravel/framework/src/Illuminate/Routing/Router.php(764): Illuminate/Routing/Router->runRoute()
#41 C:/Users/thiag/OneDrive/Desktop/virtual-notes2/vendor/laravel/framework/src/Illuminate/Routing/Router.php(753): Illuminate/Routing/Router->dispatchToRoute()
#42 C:/Users/thiag/OneDrive/Desktop/virtual-notes2/vendor/laravel/framework/src/Illuminate/Foundation/Http/Kernel.php(200): Illuminate/Routing/Router->dispatch()
#43 C:/Users/thiag/OneDrive/Desktop/virtual-notes2/vendor/laravel/framework/src/Illuminate/Pipeline/Pipeline.php(180): Illuminate/Foundation/Http/Kernel->{closure:Illuminate/Foundation/Http/Kernel::dispatchToRouter():197}()
#44 C:/Users/thiag/OneDrive/Desktop/virtual-notes2/vendor/laravel/framework/src/Illuminate/Foundation/Http/Middleware/TransformsRequest.php(21): Illuminate/Pipeline/Pipeline->{closure:Illuminate/Pipeline/Pipeline::prepareDestination():178}()
#45 C:/Users/thiag/OneDrive/Desktop/virtual-notes2/vendor/laravel/framework/src/Illuminate/Foundation/Http/Middleware/ConvertEmptyStringsToNull.php(31): Illuminate/Foundation/Http/Middleware/TransformsRequest->handle()
#46 C:/Users/thiag/OneDrive/Desktop/virtual-notes2/vendor/laravel/framework/src/Illuminate/Pipeline/Pipeline.php(219): Illuminate/Foundation/Http/Middleware/ConvertEmptyStringsToNull->handle()
#47 C:/Users/thiag/OneDrive/Desktop/virtual-notes2/vendor/laravel/framework/src/Illuminate/Foundation/Http/Middleware/TransformsRequest.php(21): Illuminate/Pipeline/Pipeline->{closure:{closure:Illuminate/Pipeline/Pipeline::carry():194}:195}()
#48 C:/Users/thiag/OneDrive/Desktop/virtual-notes2/vendor/laravel/framework/src/Illuminate/Foundation/Http/Middleware/TrimStrings.php(51): Illuminate/Foundation/Http/Middleware/TransformsRequest->handle()
#49 C:/Users/thiag/OneDrive/Desktop/virtual-notes2/vendor/laravel/framework/src/Illuminate/Pipeline/Pipeline.php(219): Illuminate/Foundation/Http/Middleware/TrimStrings->handle()
#50 C:/Users/thiag/OneDrive/Desktop/virtual-notes2/vendor/laravel/framework/src/Illuminate/Http/Middleware/ValidatePostSize.php(27): Illuminate/Pipeline/Pipeline->{closure:{closure:Illuminate/Pipeline/Pipeline::carry():194}:195}()
#51 C:/Users/thiag/OneDrive/Desktop/virtual-notes2/vendor/laravel/framework/src/Illuminate/Pipeline/Pipeline.php(219): Illuminate/Http/Middleware/ValidatePostSize->handle()
#52 C:/Users/thiag/OneDrive/Desktop/virtual-notes2/vendor/laravel/framework/src/Illuminate/Foundation/Http/Middleware/PreventRequestsDuringMaintenance.php(109): Illuminate/Pipeline/Pipeline->{closure:{closure:Illuminate/Pipeline/Pipeline::carry():194}:195}()
#53 C:/Users/thiag/OneDrive/Desktop/virtual-notes2/vendor/laravel/framework/src/Illuminate/Pipeline/Pipeline.php(219): Illuminate/Foundation/Http/Middleware/PreventRequestsDuringMaintenance->handle()
#54 C:/Users/thiag/OneDrive/Desktop/virtual-notes2/vendor/laravel/framework/src/Illuminate/Http/Middleware/HandleCors.php(61): Illuminate/Pipeline/Pipeline->{closure:{closure:Illuminate/Pipeline/Pipeline::carry():194}:195}()
#55 C:/Users/thiag/OneDrive/Desktop/virtual-notes2/vendor/laravel/framework/src/Illuminate/Pipeline/Pipeline.php(219): Illuminate/Http/Middleware/HandleCors->handle()
#56 C:/Users/thiag/OneDrive/Desktop/virtual-notes2/vendor/laravel/framework/src/Illuminate/Http/Middleware/TrustProxies.php(58): Illuminate/Pipeline/Pipeline->{closure:{closure:Illuminate/Pipeline/Pipeline::carry():194}:195}()
#57 C:/Users/thiag/OneDrive/Desktop/virtual-notes2/vendor/laravel/framework/src/Illuminate/Pipeline/Pipeline.php(219): Illuminate/Http/Middleware/TrustProxies->handle()
#58 C:/Users/thiag/OneDrive/Desktop/virtual-notes2/vendor/laravel/framework/src/Illuminate/Foundation/Http/Middleware/InvokeDeferredCallbacks.php(22): Illuminate/Pipeline/Pipeline->{closure:{closure:Illuminate/Pipeline/Pipeline::carry():194}:195}()
#59 C:/Users/thiag/OneDrive/Desktop/virtual-notes2/vendor/laravel/framework/src/Illuminate/Pipeline/Pipeline.php(219): Illuminate/Foundation/Http/Middleware/InvokeDeferredCallbacks->handle()
#60 C:/Users/thiag/OneDrive/Desktop/virtual-notes2/vendor/laravel/framework/src/Illuminate/Http/Middleware/ValidatePathEncoding.php(28): Illuminate/Pipeline/Pipeline->{closure:{closure:Illuminate/Pipeline/Pipeline::carry():194}:195}()
#61 C:/Users/thiag/OneDrive/Desktop/virtual-notes2/vendor/laravel/framework/src/Illuminate/Pipeline/Pipeline.php(219): Illuminate/Http/Middleware/ValidatePathEncoding->handle()
#62 C:/Users/thiag/OneDrive/Desktop/virtual-notes2/vendor/laravel/framework/src/Illuminate/Pipeline/Pipeline.php(137): Illuminate/Pipeline/Pipeline->{closure:{closure:Illuminate/Pipeline/Pipeline::carry():194}:195}()
#63 C:/Users/thiag/OneDrive/Desktop/virtual-notes2/vendor/laravel/framework/src/Illuminate/Foundation/Http/Kernel.php(175): Illuminate/Pipeline/Pipeline->then()
#64 C:/Users/thiag/OneDrive/Desktop/virtual-notes2/vendor/laravel/framework/src/Illuminate/Foundation/Http/Kernel.php(144): Illuminate/Foundation/Http/Kernel->sendRequestThroughRouter()
#65 C:/Users/thiag/OneDrive/Desktop/virtual-notes2/vendor/laravel/framework/src/Illuminate/Foundation/Application.php(1220): Illuminate/Foundation/Http/Kernel->handle()
#66 C:/Users/thiag/OneDrive/Desktop/virtual-notes2/public/index.php(20): Illuminate/Foundation/Application->handleRequest()
#67 C:/Users/thiag/OneDrive/Desktop/virtual-notes2/vendor/laravel/framework/src/Illuminate/Foundation/resources/server.php(23): require_once('...')
#68 {main}

[previous exception] [object] (PDOException(code: 42S22): SQLSTATE[42S22]: Column not found: 1054 Unknown column 'chamado_id' in 'WHERE' at C:/Users/thiag/OneDrive/Desktop/virtual-notes2/vendor/laravel/framework/src/Illuminate/Database/Connection.php:421)
[stacktrace]
#0 C:/Users/thiag/OneDrive/Desktop/virtual-notes2/vendor/laravel/framework/src/Illuminate/Database/Connection.php(421): PDO->prepare()
#1 C:/Users/thiag/OneDrive/Desktop/virtual-notes2/vendor/laravel/framework/src/Illuminate/Database/Connection.php(830): Illuminate/Database/Connection->{closure:Illuminate/Database/Connection::select():412}()
#2 C:/Users/thiag/OneDrive/Desktop/virtual-notes2/vendor/laravel/framework/src/Illuminate/Database/Connection.php(797): Illuminate/Database/Connection->runQueryCallback()
#3 C:/Users/thiag/OneDrive/Desktop/virtual-notes2/vendor/laravel/framework/src/Illuminate/Database/Connection.php(412): Illuminate/Database/Connection->run()
#4 C:/Users/thiag/OneDrive/Desktop/virtual-notes2/vendor/laravel/framework/src/Illuminate/Database/Query/Builder.php(3562): Illuminate/Database/Connection->select()
#5 C:/Users/thiag/OneDrive/Desktop/virtual-notes2/vendor/laravel/framework/src/Illuminate/Database/Query/Builder.php(3546): Illuminate/Database/Query/Builder->runSelect()
#6 C:/Users/thiag/OneDrive/Desktop/virtual-notes2/vendor/laravel/framework/src/Illuminate/Database/Query/Builder.php(4062): Illuminate/Database/Query/Builder->get()
#7 C:/Users/thiag/OneDrive/Desktop/virtual-notes2/vendor/laravel/framework/src/Illuminate/Database/Query/Builder.php(3990): Illuminate/Database/Query/Builder->aggregate()
#8 C:/Users/thiag/OneDrive/Desktop/virtual-notes2/vendor/laravel/framework/src/Illuminate/Database/Eloquent/Builder.php(2242): Illuminate/Database/Query/Builder->count()
#9 C:/Users/thiag/OneDrive/Desktop/virtual-notes2/app/Services/EquipamentoService.php(19): Illuminate/Database/Eloquent/Builder->__call()
#10 C:/Users/thiag/OneDrive/Desktop/virtual-notes2/app/Http/Controllers/DashboardController.php(21): App/Services/EquipamentoService->summary()
#11 C:/Users/thiag/OneDrive/Desktop/virtual-notes2/vendor/laravel/framework/src/Illuminate/Routing/ControllerDispatcher.php(46): App/Http/Controllers/DashboardController->index()
#12 C:/Users/thiag/OneDrive/Desktop/virtual-notes2/vendor/laravel/framework/src/Illuminate/Routing/Route.php(269): Illuminate/Routing/ControllerDispatcher->dispatch()
#13 C:/Users/thiag/OneDrive/Desktop/virtual-notes2/vendor/laravel/framework/src/Illuminate/Routing/Route.php(215): Illuminate/Routing/Route->runController()
#14 C:/Users/thiag/OneDrive/Desktop/virtual-notes2/vendor/laravel/framework/src/Illuminate/Routing/Router.php(822): Illuminate/Routing/Route->run()
#15 C:/Users/thiag/OneDrive/Desktop/virtual-notes2/vendor/laravel/framework/src/Illuminate/Pipeline/Pipeline.php(180): Illuminate/Routing/Router->{closure:Illuminate/Routing/Router::runRouteWithinStack():821}()
#16 C:/Users/thiag/OneDrive/Desktop/virtual-notes2/vendor/laravel/framework/src/Illuminate/Auth/Middleware/EnsureEmailIsVerified.php(41): Illuminate/Pipeline/Pipeline->{closure:Illuminate/Pipeline/Pipeline::prepareDestination():178}()
#17 C:/Users/thiag/OneDrive/Desktop/virtual-notes2/vendor/laravel/framework/src/Illuminate/Pipeline/Pipeline.php(219): Illuminate/Auth/Middleware/EnsureEmailIsVerified->handle()
#18 C:/Users/thiag/OneDrive/Desktop/virtual-notes2/vendor/laravel/framework/src/Illuminate/Http/Middleware/AddLinkHeadersForPreloadedAssets.php(32): Illuminate/Pipeline/Pipeline->{closure:{closure:Illuminate/Pipeline/Pipeline::carry():194}:195}()
#19 C:/Users/thiag/OneDrive/Desktop/virtual-notes2/vendor/laravel/framework/src/Illuminate/Pipeline/Pipeline.php(219): Illuminate/Http/Middleware/AddLinkHeadersForPreloadedAssets->handle()
#20 C:/Users/thiag/OneDrive/Desktop/virtual-notes2/vendor/inertiajs/inertia-laravel/src/Middleware.php(122): Illuminate/Pipeline/Pipeline->{closure:{closure:Illuminate/Pipeline/Pipeline::carry():194}:195}()
#21 C:/Users/thiag/OneDrive/Desktop/virtual-notes2/vendor/laravel/framework/src/Illuminate/Pipeline/Pipeline.php(219): Inertia/Middleware->handle()
#22 C:/Users/thiag/OneDrive/Desktop/virtual-notes2/app/Http/Middleware/HandleAppearance.php(21): Illuminate/Pipeline/Pipeline->{closure:{closure:Illuminate/Pipeline/Pipeline::carry():194}:195}()
#23 C:/Users/thiag/OneDrive/Desktop/virtual-notes2/vendor/laravel/framework/src/Illuminate/Pipeline/Pipeline.php(219): App/Http/Middleware/HandleAppearance->handle()
#24 C:/Users/thiag/OneDrive/Desktop/virtual-notes2/vendor/laravel/framework/src/Illuminate/Routing/Middleware/SubstituteBindings.php(52): Illuminate/Pipeline/Pipeline->{closure:{closure:Illuminate/Pipeline/Pipeline::carry():194}:195}()
#25 C:/Users/thiag/OneDrive/Desktop/virtual-notes2/vendor/laravel/framework/src/Illuminate/Pipeline/Pipeline.php(219): Illuminate/Routing/Middleware/SubstituteBindings->handle()
#26 C:/Users/thiag/OneDrive/Desktop/virtual-notes2/vendor/laravel/framework/src/Illuminate/Auth/Middleware/Authenticate.php(63): Illuminate/Pipeline/Pipeline->{closure:{closure:Illuminate/Pipeline/Pipeline::carry():194}:195}()
#27 C:/Users/thiag/OneDrive/Desktop/virtual-notes2/vendor/laravel/framework/src/Illuminate/Pipeline/Pipeline.php(219): Illuminate/Auth/Middleware/Authenticate->handle()
#28 C:/Users/thiag/OneDrive/Desktop/virtual-notes2/vendor/laravel/framework/src/Illuminate/Foundation/Http/Middleware/PreventRequestForgery.php(104): Illuminate/Pipeline/Pipeline->{closure:{closure:Illuminate/Pipeline/Pipeline::carry():194}:195}()
#29 C:/Users/thiag/OneDrive/Desktop/virtual-notes2/vendor/laravel/framework/src/Illuminate/Pipeline/Pipeline.php(219): Illuminate/Foundation/Http/Middleware/PreventRequestForgery->handle()
#30 C:/Users/thiag/OneDrive/Desktop/virtual-notes2/vendor/laravel/framework/src/Illuminate/View/Middleware/ShareErrorsFromSession.php(48): Illuminate/Pipeline/Pipeline->{closure:{closure:Illuminate/Pipeline/Pipeline::carry():194}:195}()
#31 C:/Users/thiag/OneDrive/Desktop/virtual-notes2/vendor/laravel/framework/src/Illuminate/Pipeline/Pipeline.php(219): Illuminate/View/Middleware/ShareErrorsFromSession->handle()
#32 C:/Users/thiag/OneDrive/Desktop/virtual-notes2/vendor/laravel/framework/src/Illuminate/Session/Middleware/StartSession.php(120): Illuminate/Pipeline/Pipeline->{closure:{closure:Illuminate/Pipeline/Pipeline::carry():194}:195}()
#33 C:/Users/thiag/OneDrive/Desktop/virtual-notes2/vendor/laravel/framework/src/Illuminate/Session/Middleware/StartSession.php(63): Illuminate/Session/Middleware/StartSession->handleStatefulRequest()
#34 C:/Users/thiag/OneDrive/Desktop/virtual-notes2/vendor/laravel/framework/src/Illuminate/Pipeline/Pipeline.php(219): Illuminate/Session/Middleware/StartSession->handle()
#35 C:/Users/thiag/OneDrive/Desktop/virtual-notes2/vendor/laravel/framework/src/Illuminate/Cookie/Middleware/AddQueuedCookiesToResponse.php(36): Illuminate/Pipeline/Pipeline->{closure:{closure:Illuminate/Pipeline/Pipeline::carry():194}:195}()
#36 C:/Users/thiag/OneDrive/Desktop/virtual-notes2/vendor/laravel/framework/src/Illuminate/Pipeline/Pipeline.php(219): Illuminate/Cookie/Middleware/AddQueuedCookiesToResponse->handle()
#37 C:/Users/thiag/OneDrive/Desktop/virtual-notes2/vendor/laravel/framework/src/Illuminate/Cookie/Middleware/EncryptCookies.php(74): Illuminate/Pipeline/Pipeline->{closure:{closure:Illuminate/Pipeline/Pipeline::carry():194}:195}()
#38 C:/Users/thiag/OneDrive/Desktop/virtual-notes2/vendor/laravel/framework/src/Illuminate/Pipeline/Pipeline.php(219): Illuminate/Cookie/Middleware/EncryptCookies->handle()
#39 C:/Users/thiag/OneDrive/Desktop/virtual-notes2/vendor/laravel/framework/src/Illuminate/Pipeline/Pipeline.php(137): Illuminate/Pipeline/Pipeline->{closure:{closure:Illuminate/Pipeline/Pipeline::carry():194}:195}()
#40 C:/Users/thiag/OneDrive/Desktop/virtual-notes2/vendor/laravel/framework/src/Illuminate/Routing/Router.php(821): Illuminate/Pipeline/Pipeline->then()
#41 C:/Users/thiag/OneDrive/Desktop/virtual-notes2/vendor/laravel/framework/src/Illuminate/Routing/Router.php(800): Illuminate/Routing/Router->runRouteWithinStack()
#42 C:/Users/thiag/OneDrive/Desktop/virtual-notes2/vendor/laravel/framework/src/Illuminate/Routing/Router.php(764): Illuminate/Routing/Router->runRoute()
#43 C:/Users/thiag/OneDrive/Desktop/virtual-notes2/vendor/laravel/framework/src/Illuminate/Routing/Router.php(753): Illuminate/Routing/Router->dispatchToRoute()
#44 C:/Users/thiag/OneDrive/Desktop/virtual-notes2/vendor/laravel/framework/src/Illuminate/Foundation/Http/Kernel.php(200): Illuminate/Routing/Router->dispatch()
#45 C:/Users/thiag/OneDrive/Desktop/virtual-notes2/vendor/laravel/framework/src/Illuminate/Pipeline/Pipeline.php(180): Illuminate/Foundation/Http/Kernel->{closure:Illuminate/Foundation/Http/Kernel::dispatchToRouter():197}()
#46 C:/Users/thiag/OneDrive/Desktop/virtual-notes2/vendor/laravel/framework/src/Illuminate/Foundation/Http/Middleware/TransformsRequest.php(21): Illuminate/Pipeline/Pipeline->{closure:Illuminate/Pipeline/Pipeline::prepareDestination():178}()
#47 C:/Users/thiag/OneDrive/Desktop/virtual-notes2/vendor/laravel/framework/src/Illuminate/Foundation/Http/Middleware/ConvertEmptyStringsToNull.php(31): Illuminate/Foundation/Http/Middleware/TransformsRequest->handle()
#48 C:/Users/thiag/OneDrive/Desktop/virtual-notes2/vendor/laravel/framework/src/Illuminate/Pipeline/Pipeline.php(219): Illuminate/Foundation/Http/Middleware/ConvertEmptyStringsToNull->handle()
#49 C:/Users/thiag/OneDrive/Desktop/virtual-notes2/vendor/laravel/framework/src/Illuminate/Foundation/Http/Middleware/TransformsRequest.php(21): Illuminate/Pipeline/Pipeline->{closure:{closure:Illuminate/Pipeline/Pipeline::carry():194}:195}()
#50 C:/Users/thiag/OneDrive/Desktop/virtual-notes2/vendor/laravel/framework/src/Illuminate/Foundation/Http/Middleware/TrimStrings.php(51): Illuminate/Foundation/Http/Middleware/TransformsRequest->handle()
#51 C:/Users/thiag/OneDrive/Desktop/virtual-notes2/vendor/laravel/framework/src/Illuminate/Pipeline/Pipeline.php(219): Illuminate/Foundation/Http/Middleware/TrimStrings->handle()
#52 C:/Users/thiag/OneDrive/Desktop/virtual-notes2/vendor/laravel/framework/src/Illuminate/Http/Middleware/ValidatePostSize.php(27): Illuminate/Pipeline/Pipeline->{closure:{closure:Illuminate/Pipeline/Pipeline::carry():194}:195}()
#53 C:/Users/thiag/OneDrive/Desktop/virtual-notes2/vendor/laravel/framework/src/Illuminate/Pipeline/Pipeline.php(219): Illuminate/Http/Middleware/ValidatePostSize->handle()
#54 C:/Users/thiag/OneDrive/Desktop/virtual-notes2/vendor/laravel/framework/src/Illuminate/Foundation/Http/Middleware/PreventRequestsDuringMaintenance.php(109): Illuminate/Pipeline/Pipeline->{closure:{closure:Illuminate/Pipeline/Pipeline::carry():194}:195}()
#55 C:/Users/thiag/OneDrive/Desktop/virtual-notes2/vendor/laravel/framework/src/Illuminate/Pipeline/Pipeline.php(219): Illuminate/Foundation/Http/Middleware/PreventRequestsDuringMaintenance->handle()
#56 C:/Users/thiag/OneDrive/Desktop/virtual-notes2/vendor/laravel/framework/src/Illuminate/Http/Middleware/HandleCors.php(61): Illuminate/Pipeline/Pipeline->{closure:{closure:Illuminate/Pipeline/Pipeline::carry():194}:195}()
#57 C:/Users/thiag/OneDrive/Desktop/virtual-notes2/vendor/laravel/framework/src/Illuminate/Pipeline/Pipeline.php(219): Illuminate/Http/Middleware/HandleCors->handle()
#58 C:/Users/thiag/OneDrive/Desktop/virtual-notes2/vendor/laravel/framework/src/Illuminate/Http/Middleware/TrustProxies.php(58): Illuminate/Pipeline/Pipeline->{closure:{closure:Illuminate/Pipeline/Pipeline::carry():194}:195}()
#59 C:/Users/thiag/OneDrive/Desktop/virtual-notes2/vendor/laravel/framework/src/Illuminate/Pipeline/Pipeline.php(219): Illuminate/Http/Middleware/TrustProxies->handle()
#60 C:/Users/thiag/OneDrive/Desktop/virtual-notes2/vendor/laravel/framework/src/Illuminate/Foundation/Http/Middleware/InvokeDeferredCallbacks.php(22): Illuminate/Pipeline/Pipeline->{closure:{closure:Illuminate/Pipeline/Pipeline::carry():194}:195}()
#61 C:/Users/thiag/OneDrive/Desktop/virtual-notes2/vendor/laravel/framework/src/Illuminate/Pipeline/Pipeline.php(219): Illuminate/Foundation/Http/Middleware/InvokeDeferredCallbacks->handle()
#62 C:/Users/thiag/OneDrive/Desktop/virtual-notes2/vendor/laravel/framework/src/Illuminate/Http/Middleware/ValidatePathEncoding.php(28): Illuminate/Pipeline/Pipeline->{closure:{closure:Illuminate/Pipeline/Pipeline::carry():194}:195}()
#63 C:/Users/thiag/OneDrive/Desktop/virtual-notes2/vendor/laravel/framework/src/Illuminate/Pipeline/Pipeline.php(219): Illuminate/Http/Middleware/ValidatePathEncoding->handle()
#64 C:/Users/thiag/OneDrive/Desktop/virtual-notes2/vendor/laravel/framework/src/Illuminate/Pipeline/Pipeline.php(137): Illuminate/Pipeline/Pipeline->{closure:{closure:Illuminate/Pipeline/Pipeline::carry():194}:195}()
#65 C:/Users/thiag/OneDrive/Desktop/virtual-notes2/vendor/laravel/framework/src/Illuminate/Foundation/Http/Kernel.php(175): Illuminate/Pipeline/Pipeline->then()
#66 C:/Users/thiag/OneDrive/Desktop/virtual-notes2/vendor/laravel/framework/src/Illuminate/Foundation/Http/Kernel.php(144): Illuminate/Foundation/Http/Kernel->sendRequestThroughRouter()
#67 C:/Users/thiag/OneDrive/Desktop/virtual-notes2/vendor/laravel/framework/src/Illuminate/Foundation/Application.php(1220): Illuminate/Foundation/Http/Kernel->handle()
#68 C:/Users/thiag/OneDrive/Desktop/virtual-notes2/public/index.php(20): Illuminate/Foundation/Application->handleRequest()
#69 C:/Users/thiag/OneDrive/Desktop/virtual-notes2/vendor/laravel/framework/src/Illuminate/Foundation/resources/server.php(23): require_once('...')
#70 {main}
"} 
[2026-08-16 13:53:13] local.ERROR: file_get_contents(C:\Users\thiag\OneDrive\Desktop\virtual-notes2\resources\js\actions\Laravel\Fortify\Http\Controllers\EmailVerificationPromptController.ts): Failed to open stream: No such file or directory {"exception":"[object] (ErrorException(code: 0): file_get_contents(C:\\Users\\thiag\\OneDrive\\Desktop\\virtual-notes2\\resources\\js\\actions\\Laravel\\Fortify\\Http\\Controllers\\EmailVerificationPromptController.ts): Failed to open stream: No such file or directory at C:/Users/thiag/OneDrive/Desktop/virtual-notes2/vendor/laravel/framework/src/Illuminate/Filesystem/Filesystem.php:55)
[stacktrace]
#0 C:/Users/thiag/OneDrive/Desktop/virtual-notes2/vendor/laravel/framework/src/Illuminate/Foundation/Bootstrap/HandleExceptions.php(258): Illuminate/Foundation/Bootstrap/HandleExceptions->handleError()
#1 [internal function]: Illuminate/Foundation/Bootstrap/HandleExceptions->{closure:Illuminate/Foundation/Bootstrap/HandleExceptions::forwardsTo():257}()
#2 C:/Users/thiag/OneDrive/Desktop/virtual-notes2/vendor/laravel/framework/src/Illuminate/Filesystem/Filesystem.php(55): file_get_contents()
#3 C:/Users/thiag/OneDrive/Desktop/virtual-notes2/vendor/laravel/framework/src/Illuminate/Filesystem/Filesystem.php(259): Illuminate/Filesystem/Filesystem->get()
#4 C:/Users/thiag/OneDrive/Desktop/virtual-notes2/vendor/laravel/wayfinder/src/GenerateCommand.php(133): Illuminate/Filesystem/Filesystem->prepend()
#5 C:/Users/thiag/OneDrive/Desktop/virtual-notes2/vendor/laravel/wayfinder/src/GenerateCommand.php(82): Laravel/Wayfinder/GenerateCommand->writeContent()
#6 C:/Users/thiag/OneDrive/Desktop/virtual-notes2/vendor/laravel/framework/src/Illuminate/Container/BoundMethod.php(36): Laravel/Wayfinder/GenerateCommand->handle()
#7 C:/Users/thiag/OneDrive/Desktop/virtual-notes2/vendor/laravel/framework/src/Illuminate/Container/Util.php(43): Illuminate/Container/BoundMethod::{closure:Illuminate/Container/BoundMethod::call():35}()
#8 C:/Users/thiag/OneDrive/Desktop/virtual-notes2/vendor/laravel/framework/src/Illuminate/Container/BoundMethod.php(96): Illuminate/Container/Util::unwrapIfClosure()
#9 C:/Users/thiag/OneDrive/Desktop/virtual-notes2/vendor/laravel/framework/src/Illuminate/Container/BoundMethod.php(35): Illuminate/Container/BoundMethod::callBoundMethod()
#10 C:/Users/thiag/OneDrive/Desktop/virtual-notes2/vendor/laravel/framework/src/Illuminate/Container/Container.php(799): Illuminate/Container/BoundMethod::call()
#11 C:/Users/thiag/OneDrive/Desktop/virtual-notes2/vendor/laravel/framework/src/Illuminate/Console/Command.php(280): Illuminate/Container/Container->call()
#12 C:/Users/thiag/OneDrive/Desktop/virtual-notes2/vendor/symfony/console/Command/Command.php(291): Illuminate/Console/Command->execute()
#13 C:/Users/thiag/OneDrive/Desktop/virtual-notes2/vendor/laravel/framework/src/Illuminate/Console/Command.php(249): Symfony/Component/Console/Command/Command->run()
#14 C:/Users/thiag/OneDrive/Desktop/virtual-notes2/vendor/symfony/console/Application.php(1107): Illuminate/Console/Command->run()
#15 C:/Users/thiag/OneDrive/Desktop/virtual-notes2/vendor/symfony/console/Application.php(356): Symfony/Component/Console/Application->doRunCommand()
#16 C:/Users/thiag/OneDrive/Desktop/virtual-notes2/vendor/symfony/console/Application.php(195): Symfony/Component/Console/Application->doRun()
#17 C:/Users/thiag/OneDrive/Desktop/virtual-notes2/vendor/laravel/framework/src/Illuminate/Foundation/Console/Kernel.php(198): Symfony/Component/Console/Application->run()
#18 C:/Users/thiag/OneDrive/Desktop/virtual-notes2/vendor/laravel/framework/src/Illuminate/Foundation/Application.php(1235): Illuminate/Foundation/Console/Kernel->handle()
#19 C:/Users/thiag/OneDrive/Desktop/virtual-notes2/artisan(16): Illuminate/Foundation/Application->handleCommand()
#20 {main}
"} 
[2026-08-16 13:53:13] local.ERROR: file_put_contents(C:\Users\thiag\OneDrive\Desktop\virtual-notes2\resources\js\actions\Laravel\Fortify\Http\Controllers\ConfirmedPasswordStatusController.ts): Failed to open stream: No such file or directory {"exception":"[object] (ErrorException(code: 0): file_put_contents(C:\\Users\\thiag\\OneDrive\\Desktop\\virtual-notes2\\resources\\js\\actions\\Laravel\\Fortify\\Http\\Controllers\\ConfirmedPasswordStatusController.ts): Failed to open stream: No such file or directory at C:/Users/thiag/OneDrive/Desktop/virtual-notes2/vendor/laravel/framework/src/Illuminate/Filesystem/Filesystem.php:204)
[stacktrace]
#0 C:/Users/thiag/OneDrive/Desktop/virtual-notes2/vendor/laravel/framework/src/Illuminate/Foundation/Bootstrap/HandleExceptions.php(258): Illuminate/Foundation/Bootstrap/HandleExceptions->handleError()
#1 [internal function]: Illuminate/Foundation/Bootstrap/HandleExceptions->{closure:Illuminate/Foundation/Bootstrap/HandleExceptions::forwardsTo():257}()
#2 C:/Users/thiag/OneDrive/Desktop/virtual-notes2/vendor/laravel/framework/src/Illuminate/Filesystem/Filesystem.php(204): file_put_contents()
#3 C:/Users/thiag/OneDrive/Desktop/virtual-notes2/vendor/laravel/framework/src/Illuminate/Filesystem/Filesystem.php(259): Illuminate/Filesystem/Filesystem->put()
#4 C:/Users/thiag/OneDrive/Desktop/virtual-notes2/vendor/laravel/wayfinder/src/GenerateCommand.php(133): Illuminate/Filesystem/Filesystem->prepend()
#5 C:/Users/thiag/OneDrive/Desktop/virtual-notes2/vendor/laravel/wayfinder/src/GenerateCommand.php(82): Laravel/Wayfinder/GenerateCommand->writeContent()
#6 C:/Users/thiag/OneDrive/Desktop/virtual-notes2/vendor/laravel/framework/src/Illuminate/Container/BoundMethod.php(36): Laravel/Wayfinder/GenerateCommand->handle()
#7 C:/Users/thiag/OneDrive/Desktop/virtual-notes2/vendor/laravel/framework/src/Illuminate/Container/Util.php(43): Illuminate/Container/BoundMethod::{closure:Illuminate/Container/BoundMethod::call():35}()
#8 C:/Users/thiag/OneDrive/Desktop/virtual-notes2/vendor/laravel/framework/src/Illuminate/Container/BoundMethod.php(96): Illuminate/Container/Util::unwrapIfClosure()
#9 C:/Users/thiag/OneDrive/Desktop/virtual-notes2/vendor/laravel/framework/src/Illuminate/Container/BoundMethod.php(35): Illuminate/Container/BoundMethod::callBoundMethod()
#10 C:/Users/thiag/OneDrive/Desktop/virtual-notes2/vendor/laravel/framework/src/Illuminate/Container/Container.php(799): Illuminate/Container/BoundMethod::call()
#11 C:/Users/thiag/OneDrive/Desktop/virtual-notes2/vendor/laravel/framework/src/Illuminate/Console/Command.php(280): Illuminate/Container/Container->call()
#12 C:/Users/thiag/OneDrive/Desktop/virtual-notes2/vendor/symfony/console/Command/Command.php(291): Illuminate/Console/Command->execute()
#13 C:/Users/thiag/OneDrive/Desktop/virtual-notes2/vendor/laravel/framework/src/Illuminate/Console/Command.php(249): Symfony/Component/Console/Command/Command->run()
#14 C:/Users/thiag/OneDrive/Desktop/virtual-notes2/vendor/symfony/console/Application.php(1107): Illuminate/Console/Command->run()
#15 C:/Users/thiag/OneDrive/Desktop/virtual-notes2/vendor/symfony/console/Application.php(356): Symfony/Component/Console/Application->doRunCommand()
#16 C:/Users/thiag/OneDrive/Desktop/virtual-notes2/vendor/symfony/console/Application.php(195): Symfony/Component/Console/Application->doRun()
#17 C:/Users/thiag/OneDrive/Desktop/virtual-notes2/vendor/laravel/framework/src/Illuminate/Foundation/Console/Kernel.php(198): Symfony/Component/Console/Application->run()
#18 C:/Users/thiag/OneDrive/Desktop/virtual-notes2/vendor/laravel/framework/src/Illuminate/Foundation/Application.php(1235): Illuminate/Foundation/Console/Kernel->handle()
#19 C:/Users/thiag/OneDrive/Desktop/virtual-notes2/artisan(16): Illuminate/Foundation/Application->handleCommand()
#20 {main}
"} 
[2026-08-16 13:53:17] local.ERROR: file_put_contents(C:\Users\thiag\OneDrive\Desktop\virtual-notes2\resources\js\routes\index.ts): Failed to open stream: No such file or directory {"exception":"[object] (ErrorException(code: 0): file_put_contents(C:\\Users\\thiag\\OneDrive\\Desktop\\virtual-notes2\\resources\\js\\routes\\index.ts): Failed to open stream: No such file or directory at C:/Users/thiag/OneDrive/Desktop/virtual-notes2/vendor/laravel/framework/src/Illuminate/Filesystem/Filesystem.php:204)
[stacktrace]
#0 C:/Users/thiag/OneDrive/Desktop/virtual-notes2/vendor/laravel/framework/src/Illuminate/Foundation/Bootstrap/HandleExceptions.php(258): Illuminate/Foundation/Bootstrap/HandleExceptions->handleError()
#1 [internal function]: Illuminate/Foundation/Bootstrap/HandleExceptions->{closure:Illuminate/Foundation/Bootstrap/HandleExceptions::forwardsTo():257}()
#2 C:/Users/thiag/OneDrive/Desktop/virtual-notes2/vendor/laravel/framework/src/Illuminate/Filesystem/Filesystem.php(204): file_put_contents()
#3 C:/Users/thiag/OneDrive/Desktop/virtual-notes2/vendor/laravel/wayfinder/src/GenerateCommand.php(128): Illuminate/Filesystem/Filesystem->put()
#4 C:/Users/thiag/OneDrive/Desktop/virtual-notes2/vendor/laravel/wayfinder/src/GenerateCommand.php(97): Laravel/Wayfinder/GenerateCommand->writeContent()
#5 C:/Users/thiag/OneDrive/Desktop/virtual-notes2/vendor/laravel/framework/src/Illuminate/Container/BoundMethod.php(36): Laravel/Wayfinder/GenerateCommand->handle()
#6 C:/Users/thiag/OneDrive/Desktop/virtual-notes2/vendor/laravel/framework/src/Illuminate/Container/Util.php(43): Illuminate/Container/BoundMethod::{closure:Illuminate/Container/BoundMethod::call():35}()
#7 C:/Users/thiag/OneDrive/Desktop/virtual-notes2/vendor/laravel/framework/src/Illuminate/Container/BoundMethod.php(96): Illuminate/Container/Util::unwrapIfClosure()
#8 C:/Users/thiag/OneDrive/Desktop/virtual-notes2/vendor/laravel/framework/src/Illuminate/Container/BoundMethod.php(35): Illuminate/Container/BoundMethod::callBoundMethod()
#9 C:/Users/thiag/OneDrive/Desktop/virtual-notes2/vendor/laravel/framework/src/Illuminate/Container/Container.php(799): Illuminate/Container/BoundMethod::call()
#10 C:/Users/thiag/OneDrive/Desktop/virtual-notes2/vendor/laravel/framework/src/Illuminate/Console/Command.php(280): Illuminate/Container/Container->call()
#11 C:/Users/thiag/OneDrive/Desktop/virtual-notes2/vendor/symfony/console/Command/Command.php(291): Illuminate/Console/Command->execute()
#12 C:/Users/thiag/OneDrive/Desktop/virtual-notes2/vendor/laravel/framework/src/Illuminate/Console/Command.php(249): Symfony/Component/Console/Command/Command->run()
#13 C:/Users/thiag/OneDrive/Desktop/virtual-notes2/vendor/symfony/console/Application.php(1107): Illuminate/Console/Command->run()
#14 C:/Users/thiag/OneDrive/Desktop/virtual-notes2/vendor/symfony/console/Application.php(356): Symfony/Component/Console/Application->doRunCommand()
#15 C:/Users/thiag/OneDrive/Desktop/virtual-notes2/vendor/symfony/console/Application.php(195): Symfony/Component/Console/Application->doRun()
#16 C:/Users/thiag/OneDrive/Desktop/virtual-notes2/vendor/laravel/framework/src/Illuminate/Foundation/Console/Kernel.php(198): Symfony/Component/Console/Application->run()
#17 C:/Users/thiag/OneDrive/Desktop/virtual-notes2/vendor/laravel/framework/src/Illuminate/Foundation/Application.php(1235): Illuminate/Foundation/Console/Kernel->handle()
#18 C:/Users/thiag/OneDrive/Desktop/virtual-notes2/artisan(16): Illuminate/Foundation/Application->handleCommand()
#19 {main}
"} 
[2026-08-16 13:53:40] local.ERROR: SQLSTATE[42S22]: Column not found: 1054 Unknown column 'chamado_id' in 'WHERE' (Connection: mysql, Host: 127.0.0.1, Port: 3306, Database: todo_list, SQL: select count(*) as aggregate from `equipamentos` where `chamado_id` is not null) {"userId":1,"exception":"[object] (Illuminate\\Database\\QueryException(code: 42S22): SQLSTATE[42S22]: Column not found: 1054 Unknown column 'chamado_id' in 'WHERE' (Connection: mysql, Host: 127.0.0.1, Port: 3306, Database: todo_list, SQL: select count(*) as aggregate from `equipamentos` where `chamado_id` is not null) at C:/Users/thiag/OneDrive/Desktop/virtual-notes2/vendor/laravel/framework/src/Illuminate/Database/Connection.php:841)
[stacktrace]
#0 C:/Users/thiag/OneDrive/Desktop/virtual-notes2/vendor/laravel/framework/src/Illuminate/Database/Connection.php(797): Illuminate/Database/Connection->runQueryCallback()
#1 C:/Users/thiag/OneDrive/Desktop/virtual-notes2/vendor/laravel/framework/src/Illuminate/Database/Connection.php(412): Illuminate/Database/Connection->run()
#2 C:/Users/thiag/OneDrive/Desktop/virtual-notes2/vendor/laravel/framework/src/Illuminate/Database/Query/Builder.php(3562): Illuminate/Database/Connection->select()
#3 C:/Users/thiag/OneDrive/Desktop/virtual-notes2/vendor/laravel/framework/src/Illuminate/Database/Query/Builder.php(3546): Illuminate/Database/Query/Builder->runSelect()
#4 C:/Users/thiag/OneDrive/Desktop/virtual-notes2/vendor/laravel/framework/src/Illuminate/Database/Query/Builder.php(4062): Illuminate/Database/Query/Builder->get()
#5 C:/Users/thiag/OneDrive/Desktop/virtual-notes2/vendor/laravel/framework/src/Illuminate/Database/Query/Builder.php(3990): Illuminate/Database/Query/Builder->aggregate()
#6 C:/Users/thiag/OneDrive/Desktop/virtual-notes2/vendor/laravel/framework/src/Illuminate/Database/Eloquent/Builder.php(2242): Illuminate/Database/Query/Builder->count()
#7 C:/Users/thiag/OneDrive/Desktop/virtual-notes2/app/Services/EquipamentoService.php(19): Illuminate/Database/Eloquent/Builder->__call()
#8 C:/Users/thiag/OneDrive/Desktop/virtual-notes2/app/Http/Controllers/DashboardController.php(21): App/Services/EquipamentoService->summary()
#9 C:/Users/thiag/OneDrive/Desktop/virtual-notes2/vendor/laravel/framework/src/Illuminate/Routing/ControllerDispatcher.php(46): App/Http/Controllers/DashboardController->index()
#10 C:/Users/thiag/OneDrive/Desktop/virtual-notes2/vendor/laravel/framework/src/Illuminate/Routing/Route.php(269): Illuminate/Routing/ControllerDispatcher->dispatch()
#11 C:/Users/thiag/OneDrive/Desktop/virtual-notes2/vendor/laravel/framework/src/Illuminate/Routing/Route.php(215): Illuminate/Routing/Route->runController()
#12 C:/Users/thiag/OneDrive/Desktop/virtual-notes2/vendor/laravel/framework/src/Illuminate/Routing/Router.php(822): Illuminate/Routing/Route->run()
#13 C:/Users/thiag/OneDrive/Desktop/virtual-notes2/vendor/laravel/framework/src/Illuminate/Pipeline/Pipeline.php(180): Illuminate/Routing/Router->{closure:Illuminate/Routing/Router::runRouteWithinStack():821}()
#14 C:/Users/thiag/OneDrive/Desktop/virtual-notes2/vendor/laravel/framework/src/Illuminate/Auth/Middleware/EnsureEmailIsVerified.php(41): Illuminate/Pipeline/Pipeline->{closure:Illuminate/Pipeline/Pipeline::prepareDestination():178}()
#15 C:/Users/thiag/OneDrive/Desktop/virtual-notes2/vendor/laravel/framework/src/Illuminate/Pipeline/Pipeline.php(219): Illuminate/Auth/Middleware/EnsureEmailIsVerified->handle()
#16 C:/Users/thiag/OneDrive/Desktop/virtual-notes2/vendor/laravel/framework/src/Illuminate/Http/Middleware/AddLinkHeadersForPreloadedAssets.php(32): Illuminate/Pipeline/Pipeline->{closure:{closure:Illuminate/Pipeline/Pipeline::carry():194}:195}()
#17 C:/Users/thiag/OneDrive/Desktop/virtual-notes2/vendor/laravel/framework/src/Illuminate/Pipeline/Pipeline.php(219): Illuminate/Http/Middleware/AddLinkHeadersForPreloadedAssets->handle()
#18 C:/Users/thiag/OneDrive/Desktop/virtual-notes2/vendor/inertiajs/inertia-laravel/src/Middleware.php(122): Illuminate/Pipeline/Pipeline->{closure:{closure:Illuminate/Pipeline/Pipeline::carry():194}:195}()
#19 C:/Users/thiag/OneDrive/Desktop/virtual-notes2/vendor/laravel/framework/src/Illuminate/Pipeline/Pipeline.php(219): Inertia/Middleware->handle()
#20 C:/Users/thiag/OneDrive/Desktop/virtual-notes2/app/Http/Middleware/HandleAppearance.php(21): Illuminate/Pipeline/Pipeline->{closure:{closure:Illuminate/Pipeline/Pipeline::carry():194}:195}()
#21 C:/Users/thiag/OneDrive/Desktop/virtual-notes2/vendor/laravel/framework/src/Illuminate/Pipeline/Pipeline.php(219): App/Http/Middleware/HandleAppearance->handle()
#22 C:/Users/thiag/OneDrive/Desktop/virtual-notes2/vendor/laravel/framework/src/Illuminate/Routing/Middleware/SubstituteBindings.php(52): Illuminate/Pipeline/Pipeline->{closure:{closure:Illuminate/Pipeline/Pipeline::carry():194}:195}()
#23 C:/Users/thiag/OneDrive/Desktop/virtual-notes2/vendor/laravel/framework/src/Illuminate/Pipeline/Pipeline.php(219): Illuminate/Routing/Middleware/SubstituteBindings->handle()
#24 C:/Users/thiag/OneDrive/Desktop/virtual-notes2/vendor/laravel/framework/src/Illuminate/Auth/Middleware/Authenticate.php(63): Illuminate/Pipeline/Pipeline->{closure:{closure:Illuminate/Pipeline/Pipeline::carry():194}:195}()
#25 C:/Users/thiag/OneDrive/Desktop/virtual-notes2/vendor/laravel/framework/src/Illuminate/Pipeline/Pipeline.php(219): Illuminate/Auth/Middleware/Authenticate->handle()
#26 C:/Users/thiag/OneDrive/Desktop/virtual-notes2/vendor/laravel/framework/src/Illuminate/Foundation/Http/Middleware/PreventRequestForgery.php(104): Illuminate/Pipeline/Pipeline->{closure:{closure:Illuminate/Pipeline/Pipeline::carry():194}:195}()
#27 C:/Users/thiag/OneDrive/Desktop/virtual-notes2/vendor/laravel/framework/src/Illuminate/Pipeline/Pipeline.php(219): Illuminate/Foundation/Http/Middleware/PreventRequestForgery->handle()
#28 C:/Users/thiag/OneDrive/Desktop/virtual-notes2/vendor/laravel/framework/src/Illuminate/View/Middleware/ShareErrorsFromSession.php(48): Illuminate/Pipeline/Pipeline->{closure:{closure:Illuminate/Pipeline/Pipeline::carry():194}:195}()
#29 C:/Users/thiag/OneDrive/Desktop/virtual-notes2/vendor/laravel/framework/src/Illuminate/Pipeline/Pipeline.php(219): Illuminate/View/Middleware/ShareErrorsFromSession->handle()
#30 C:/Users/thiag/OneDrive/Desktop/virtual-notes2/vendor/laravel/framework/src/Illuminate/Session/Middleware/StartSession.php(120): Illuminate/Pipeline/Pipeline->{closure:{closure:Illuminate/Pipeline/Pipeline::carry():194}:195}()
#31 C:/Users/thiag/OneDrive/Desktop/virtual-notes2/vendor/laravel/framework/src/Illuminate/Session/Middleware/StartSession.php(63): Illuminate/Session/Middleware/StartSession->handleStatefulRequest()
#32 C:/Users/thiag/OneDrive/Desktop/virtual-notes2/vendor/laravel/framework/src/Illuminate/Pipeline/Pipeline.php(219): Illuminate/Session/Middleware/StartSession->handle()
#33 C:/Users/thiag/OneDrive/Desktop/virtual-notes2/vendor/laravel/framework/src/Illuminate/Cookie/Middleware/AddQueuedCookiesToResponse.php(36): Illuminate/Pipeline/Pipeline->{closure:{closure:Illuminate/Pipeline/Pipeline::carry():194}:195}()
#34 C:/Users/thiag/OneDrive/Desktop/virtual-notes2/vendor/laravel/framework/src/Illuminate/Pipeline/Pipeline.php(219): Illuminate/Cookie/Middleware/AddQueuedCookiesToResponse->handle()
#35 C:/Users/thiag/OneDrive/Desktop/virtual-notes2/vendor/laravel/framework/src/Illuminate/Cookie/Middleware/EncryptCookies.php(74): Illuminate/Pipeline/Pipeline->{closure:{closure:Illuminate/Pipeline/Pipeline::carry():194}:195}()
#36 C:/Users/thiag/OneDrive/Desktop/virtual-notes2/vendor/laravel/framework/src/Illuminate/Pipeline/Pipeline.php(219): Illuminate/Cookie/Middleware/EncryptCookies->handle()
#37 C:/Users/thiag/OneDrive/Desktop/virtual-notes2/vendor/laravel/framework/src/Illuminate/Pipeline/Pipeline.php(137): Illuminate/Pipeline/Pipeline->{closure:{closure:Illuminate/Pipeline/Pipeline::carry():194}:195}()
#38 C:/Users/thiag/OneDrive/Desktop/virtual-notes2/vendor/laravel/framework/src/Illuminate/Routing/Router.php(821): Illuminate/Pipeline/Pipeline->then()
#39 C:/Users/thiag/OneDrive/Desktop/virtual-notes2/vendor/laravel/framework/src/Illuminate/Routing/Router.php(800): Illuminate/Routing/Router->runRouteWithinStack()
#40 C:/Users/thiag/OneDrive/Desktop/virtual-notes2/vendor/laravel/framework/src/Illuminate/Routing/Router.php(764): Illuminate/Routing/Router->runRoute()
#41 C:/Users/thiag/OneDrive/Desktop/virtual-notes2/vendor/laravel/framework/src/Illuminate/Routing/Router.php(753): Illuminate/Routing/Router->dispatchToRoute()
#42 C:/Users/thiag/OneDrive/Desktop/virtual-notes2/vendor/laravel/framework/src/Illuminate/Foundation/Http/Kernel.php(200): Illuminate/Routing/Router->dispatch()
#43 C:/Users/thiag/OneDrive/Desktop/virtual-notes2/vendor/laravel/framework/src/Illuminate/Pipeline/Pipeline.php(180): Illuminate/Foundation/Http/Kernel->{closure:Illuminate/Foundation/Http/Kernel::dispatchToRouter():197}()
#44 C:/Users/thiag/OneDrive/Desktop/virtual-notes2/vendor/laravel/framework/src/Illuminate/Foundation/Http/Middleware/TransformsRequest.php(21): Illuminate/Pipeline/Pipeline->{closure:Illuminate/Pipeline/Pipeline::prepareDestination():178}()
#45 C:/Users/thiag/OneDrive/Desktop/virtual-notes2/vendor/laravel/framework/src/Illuminate/Foundation/Http/Middleware/ConvertEmptyStringsToNull.php(31): Illuminate/Foundation/Http/Middleware/TransformsRequest->handle()
#46 C:/Users/thiag/OneDrive/Desktop/virtual-notes2/vendor/laravel/framework/src/Illuminate/Pipeline/Pipeline.php(219): Illuminate/Foundation/Http/Middleware/ConvertEmptyStringsToNull->handle()
#47 C:/Users/thiag/OneDrive/Desktop/virtual-notes2/vendor/laravel/framework/src/Illuminate/Foundation/Http/Middleware/TransformsRequest.php(21): Illuminate/Pipeline/Pipeline->{closure:{closure:Illuminate/Pipeline/Pipeline::carry():194}:195}()
#48 C:/Users/thiag/OneDrive/Desktop/virtual-notes2/vendor/laravel/framework/src/Illuminate/Foundation/Http/Middleware/TrimStrings.php(51): Illuminate/Foundation/Http/Middleware/TransformsRequest->handle()
#49 C:/Users/thiag/OneDrive/Desktop/virtual-notes2/vendor/laravel/framework/src/Illuminate/Pipeline/Pipeline.php(219): Illuminate/Foundation/Http/Middleware/TrimStrings->handle()
#50 C:/Users/thiag/OneDrive/Desktop/virtual-notes2/vendor/laravel/framework/src/Illuminate/Http/Middleware/ValidatePostSize.php(27): Illuminate/Pipeline/Pipeline->{closure:{closure:Illuminate/Pipeline/Pipeline::carry():194}:195}()
#51 C:/Users/thiag/OneDrive/Desktop/virtual-notes2/vendor/laravel/framework/src/Illuminate/Pipeline/Pipeline.php(219): Illuminate/Http/Middleware/ValidatePostSize->handle()
#52 C:/Users/thiag/OneDrive/Desktop/virtual-notes2/vendor/laravel/framework/src/Illuminate/Foundation/Http/Middleware/PreventRequestsDuringMaintenance.php(109): Illuminate/Pipeline/Pipeline->{closure:{closure:Illuminate/Pipeline/Pipeline::carry():194}:195}()
#53 C:/Users/thiag/OneDrive/Desktop/virtual-notes2/vendor/laravel/framework/src/Illuminate/Pipeline/Pipeline.php(219): Illuminate/Foundation/Http/Middleware/PreventRequestsDuringMaintenance->handle()
#54 C:/Users/thiag/OneDrive/Desktop/virtual-notes2/vendor/laravel/framework/src/Illuminate/Http/Middleware/HandleCors.php(61): Illuminate/Pipeline/Pipeline->{closure:{closure:Illuminate/Pipeline/Pipeline::carry():194}:195}()
#55 C:/Users/thiag/OneDrive/Desktop/virtual-notes2/vendor/laravel/framework/src/Illuminate/Pipeline/Pipeline.php(219): Illuminate/Http/Middleware/HandleCors->handle()
#56 C:/Users/thiag/OneDrive/Desktop/virtual-notes2/vendor/laravel/framework/src/Illuminate/Http/Middleware/TrustProxies.php(58): Illuminate/Pipeline/Pipeline->{closure:{closure:Illuminate/Pipeline/Pipeline::carry():194}:195}()
#57 C:/Users/thiag/OneDrive/Desktop/virtual-notes2/vendor/laravel/framework/src/Illuminate/Pipeline/Pipeline.php(219): Illuminate/Http/Middleware/TrustProxies->handle()
#58 C:/Users/thiag/OneDrive/Desktop/virtual-notes2/vendor/laravel/framework/src/Illuminate/Foundation/Http/Middleware/InvokeDeferredCallbacks.php(22): Illuminate/Pipeline/Pipeline->{closure:{closure:Illuminate/Pipeline/Pipeline::carry():194}:195}()
#59 C:/Users/thiag/OneDrive/Desktop/virtual-notes2/vendor/laravel/framework/src/Illuminate/Pipeline/Pipeline.php(219): Illuminate/Foundation/Http/Middleware/InvokeDeferredCallbacks->handle()
#60 C:/Users/thiag/OneDrive/Desktop/virtual-notes2/vendor/laravel/framework/src/Illuminate/Http/Middleware/ValidatePathEncoding.php(28): Illuminate/Pipeline/Pipeline->{closure:{closure:Illuminate/Pipeline/Pipeline::carry():194}:195}()
#61 C:/Users/thiag/OneDrive/Desktop/virtual-notes2/vendor/laravel/framework/src/Illuminate/Pipeline/Pipeline.php(219): Illuminate/Http/Middleware/ValidatePathEncoding->handle()
#62 C:/Users/thiag/OneDrive/Desktop/virtual-notes2/vendor/laravel/framework/src/Illuminate/Pipeline/Pipeline.php(137): Illuminate/Pipeline/Pipeline->{closure:{closure:Illuminate/Pipeline/Pipeline::carry():194}:195}()
#63 C:/Users/thiag/OneDrive/Desktop/virtual-notes2/vendor/laravel/framework/src/Illuminate/Foundation/Http/Kernel.php(175): Illuminate/Pipeline/Pipeline->then()
#64 C:/Users/thiag/OneDrive/Desktop/virtual-notes2/vendor/laravel/framework/src/Illuminate/Foundation/Http/Kernel.php(144): Illuminate/Foundation/Http/Kernel->sendRequestThroughRouter()
#65 C:/Users/thiag/OneDrive/Desktop/virtual-notes2/vendor/laravel/framework/src/Illuminate/Foundation/Application.php(1220): Illuminate/Foundation/Http/Kernel->handle()
#66 C:/Users/thiag/OneDrive/Desktop/virtual-notes2/public/index.php(20): Illuminate/Foundation/Application->handleRequest()
#67 C:/Users/thiag/OneDrive/Desktop/virtual-notes2/vendor/laravel/framework/src/Illuminate/Foundation/resources/server.php(23): require_once('...')
#68 {main}

[previous exception] [object] (PDOException(code: 42S22): SQLSTATE[42S22]: Column not found: 1054 Unknown column 'chamado_id' in 'WHERE' at C:/Users/thiag/OneDrive/Desktop/virtual-notes2/vendor/laravel/framework/src/Illuminate/Database/Connection.php:421)
[stacktrace]
#0 C:/Users/thiag/OneDrive/Desktop/virtual-notes2/vendor/laravel/framework/src/Illuminate/Database/Connection.php(421): PDO->prepare()
#1 C:/Users/thiag/OneDrive/Desktop/virtual-notes2/vendor/laravel/framework/src/Illuminate/Database/Connection.php(830): Illuminate/Database/Connection->{closure:Illuminate/Database/Connection::select():412}()
#2 C:/Users/thiag/OneDrive/Desktop/virtual-notes2/vendor/laravel/framework/src/Illuminate/Database/Connection.php(797): Illuminate/Database/Connection->runQueryCallback()
#3 C:/Users/thiag/OneDrive/Desktop/virtual-notes2/vendor/laravel/framework/src/Illuminate/Database/Connection.php(412): Illuminate/Database/Connection->run()
#4 C:/Users/thiag/OneDrive/Desktop/virtual-notes2/vendor/laravel/framework/src/Illuminate/Database/Query/Builder.php(3562): Illuminate/Database/Connection->select()
#5 C:/Users/thiag/OneDrive/Desktop/virtual-notes2/vendor/laravel/framework/src/Illuminate/Database/Query/Builder.php(3546): Illuminate/Database/Query/Builder->runSelect()
#6 C:/Users/thiag/OneDrive/Desktop/virtual-notes2/vendor/laravel/framework/src/Illuminate/Database/Query/Builder.php(4062): Illuminate/Database/Query/Builder->get()
#7 C:/Users/thiag/OneDrive/Desktop/virtual-notes2/vendor/laravel/framework/src/Illuminate/Database/Query/Builder.php(3990): Illuminate/Database/Query/Builder->aggregate()
#8 C:/Users/thiag/OneDrive/Desktop/virtual-notes2/vendor/laravel/framework/src/Illuminate/Database/Eloquent/Builder.php(2242): Illuminate/Database/Query/Builder->count()
#9 C:/Users/thiag/OneDrive/Desktop/virtual-notes2/app/Services/EquipamentoService.php(19): Illuminate/Database/Eloquent/Builder->__call()
#10 C:/Users/thiag/OneDrive/Desktop/virtual-notes2/app/Http/Controllers/DashboardController.php(21): App/Services/EquipamentoService->summary()
#11 C:/Users/thiag/OneDrive/Desktop/virtual-notes2/vendor/laravel/framework/src/Illuminate/Routing/ControllerDispatcher.php(46): App/Http/Controllers/DashboardController->index()
#12 C:/Users/thiag/OneDrive/Desktop/virtual-notes2/vendor/laravel/framework/src/Illuminate/Routing/Route.php(269): Illuminate/Routing/ControllerDispatcher->dispatch()
#13 C:/Users/thiag/OneDrive/Desktop/virtual-notes2/vendor/laravel/framework/src/Illuminate/Routing/Route.php(215): Illuminate/Routing/Route->runController()
#14 C:/Users/thiag/OneDrive/Desktop/virtual-notes2/vendor/laravel/framework/src/Illuminate/Routing/Router.php(822): Illuminate/Routing/Route->run()
#15 C:/Users/thiag/OneDrive/Desktop/virtual-notes2/vendor/laravel/framework/src/Illuminate/Pipeline/Pipeline.php(180): Illuminate/Routing/Router->{closure:Illuminate/Routing/Router::runRouteWithinStack():821}()
#16 C:/Users/thiag/OneDrive/Desktop/virtual-notes2/vendor/laravel/framework/src/Illuminate/Auth/Middleware/EnsureEmailIsVerified.php(41): Illuminate/Pipeline/Pipeline->{closure:Illuminate/Pipeline/Pipeline::prepareDestination():178}()
#17 C:/Users/thiag/OneDrive/Desktop/virtual-notes2/vendor/laravel/framework/src/Illuminate/Pipeline/Pipeline.php(219): Illuminate/Auth/Middleware/EnsureEmailIsVerified->handle()
#18 C:/Users/thiag/OneDrive/Desktop/virtual-notes2/vendor/laravel/framework/src/Illuminate/Http/Middleware/AddLinkHeadersForPreloadedAssets.php(32): Illuminate/Pipeline/Pipeline->{closure:{closure:Illuminate/Pipeline/Pipeline::carry():194}:195}()
#19 C:/Users/thiag/OneDrive/Desktop/virtual-notes2/vendor/laravel/framework/src/Illuminate/Pipeline/Pipeline.php(219): Illuminate/Http/Middleware/AddLinkHeadersForPreloadedAssets->handle()
#20 C:/Users/thiag/OneDrive/Desktop/virtual-notes2/vendor/inertiajs/inertia-laravel/src/Middleware.php(122): Illuminate/Pipeline/Pipeline->{closure:{closure:Illuminate/Pipeline/Pipeline::carry():194}:195}()
#21 C:/Users/thiag/OneDrive/Desktop/virtual-notes2/vendor/laravel/framework/src/Illuminate/Pipeline/Pipeline.php(219): Inertia/Middleware->handle()
#22 C:/Users/thiag/OneDrive/Desktop/virtual-notes2/app/Http/Middleware/HandleAppearance.php(21): Illuminate/Pipeline/Pipeline->{closure:{closure:Illuminate/Pipeline/Pipeline::carry():194}:195}()
#23 C:/Users/thiag/OneDrive/Desktop/virtual-notes2/vendor/laravel/framework/src/Illuminate/Pipeline/Pipeline.php(219): App/Http/Middleware/HandleAppearance->handle()
#24 C:/Users/thiag/OneDrive/Desktop/virtual-notes2/vendor/laravel/framework/src/Illuminate/Routing/Middleware/SubstituteBindings.php(52): Illuminate/Pipeline/Pipeline->{closure:{closure:Illuminate/Pipeline/Pipeline::carry():194}:195}()
#25 C:/Users/thiag/OneDrive/Desktop/virtual-notes2/vendor/laravel/framework/src/Illuminate/Pipeline/Pipeline.php(219): Illuminate/Routing/Middleware/SubstituteBindings->handle()
#26 C:/Users/thiag/OneDrive/Desktop/virtual-notes2/vendor/laravel/framework/src/Illuminate/Auth/Middleware/Authenticate.php(63): Illuminate/Pipeline/Pipeline->{closure:{closure:Illuminate/Pipeline/Pipeline::carry():194}:195}()
#27 C:/Users/thiag/OneDrive/Desktop/virtual-notes2/vendor/laravel/framework/src/Illuminate/Pipeline/Pipeline.php(219): Illuminate/Auth/Middleware/Authenticate->handle()
#28 C:/Users/thiag/OneDrive/Desktop/virtual-notes2/vendor/laravel/framework/src/Illuminate/Foundation/Http/Middleware/PreventRequestForgery.php(104): Illuminate/Pipeline/Pipeline->{closure:{closure:Illuminate/Pipeline/Pipeline::carry():194}:195}()
#29 C:/Users/thiag/OneDrive/Desktop/virtual-notes2/vendor/laravel/framework/src/Illuminate/Pipeline/Pipeline.php(219): Illuminate/Foundation/Http/Middleware/PreventRequestForgery->handle()
#30 C:/Users/thiag/OneDrive/Desktop/virtual-notes2/vendor/laravel/framework/src/Illuminate/View/Middleware/ShareErrorsFromSession.php(48): Illuminate/Pipeline/Pipeline->{closure:{closure:Illuminate/Pipeline/Pipeline::carry():194}:195}()
#31 C:/Users/thiag/OneDrive/Desktop/virtual-notes2/vendor/laravel/framework/src/Illuminate/Pipeline/Pipeline.php(219): Illuminate/View/Middleware/ShareErrorsFromSession->handle()
#32 C:/Users/thiag/OneDrive/Desktop/virtual-notes2/vendor/laravel/framework/src/Illuminate/Session/Middleware/StartSession.php(120): Illuminate/Pipeline/Pipeline->{closure:{closure:Illuminate/Pipeline/Pipeline::carry():194}:195}()
#33 C:/Users/thiag/OneDrive/Desktop/virtual-notes2/vendor/laravel/framework/src/Illuminate/Session/Middleware/StartSession.php(63): Illuminate/Session/Middleware/StartSession->handleStatefulRequest()
#34 C:/Users/thiag/OneDrive/Desktop/virtual-notes2/vendor/laravel/framework/src/Illuminate/Pipeline/Pipeline.php(219): Illuminate/Session/Middleware/StartSession->handle()
#35 C:/Users/thiag/OneDrive/Desktop/virtual-notes2/vendor/laravel/framework/src/Illuminate/Cookie/Middleware/AddQueuedCookiesToResponse.php(36): Illuminate/Pipeline/Pipeline->{closure:{closure:Illuminate/Pipeline/Pipeline::carry():194}:195}()
#36 C:/Users/thiag/OneDrive/Desktop/virtual-notes2/vendor/laravel/framework/src/Illuminate/Pipeline/Pipeline.php(219): Illuminate/Cookie/Middleware/AddQueuedCookiesToResponse->handle()
#37 C:/Users/thiag/OneDrive/Desktop/virtual-notes2/vendor/laravel/framework/src/Illuminate/Cookie/Middleware/EncryptCookies.php(74): Illuminate/Pipeline/Pipeline->{closure:{closure:Illuminate/Pipeline/Pipeline::carry():194}:195}()
#38 C:/Users/thiag/OneDrive/Desktop/virtual-notes2/vendor/laravel/framework/src/Illuminate/Pipeline/Pipeline.php(219): Illuminate/Cookie/Middleware/EncryptCookies->handle()
#39 C:/Users/thiag/OneDrive/Desktop/virtual-notes2/vendor/laravel/framework/src/Illuminate/Pipeline/Pipeline.php(137): Illuminate/Pipeline/Pipeline->{closure:{closure:Illuminate/Pipeline/Pipeline::carry():194}:195}()
#40 C:/Users/thiag/OneDrive/Desktop/virtual-notes2/vendor/laravel/framework/src/Illuminate/Routing/Router.php(821): Illuminate/Pipeline/Pipeline->then()
#41 C:/Users/thiag/OneDrive/Desktop/virtual-notes2/vendor/laravel/framework/src/Illuminate/Routing/Router.php(800): Illuminate/Routing/Router->runRouteWithinStack()
#42 C:/Users/thiag/OneDrive/Desktop/virtual-notes2/vendor/laravel/framework/src/Illuminate/Routing/Router.php(764): Illuminate/Routing/Router->runRoute()
#43 C:/Users/thiag/OneDrive/Desktop/virtual-notes2/vendor/laravel/framework/src/Illuminate/Routing/Router.php(753): Illuminate/Routing/Router->dispatchToRoute()
#44 C:/Users/thiag/OneDrive/Desktop/virtual-notes2/vendor/laravel/framework/src/Illuminate/Foundation/Http/Kernel.php(200): Illuminate/Routing/Router->dispatch()
#45 C:/Users/thiag/OneDrive/Desktop/virtual-notes2/vendor/laravel/framework/src/Illuminate/Pipeline/Pipeline.php(180): Illuminate/Foundation/Http/Kernel->{closure:Illuminate/Foundation/Http/Kernel::dispatchToRouter():197}()
#46 C:/Users/thiag/OneDrive/Desktop/virtual-notes2/vendor/laravel/framework/src/Illuminate/Foundation/Http/Middleware/TransformsRequest.php(21): Illuminate/Pipeline/Pipeline->{closure:Illuminate/Pipeline/Pipeline::prepareDestination():178}()
#47 C:/Users/thiag/OneDrive/Desktop/virtual-notes2/vendor/laravel/framework/src/Illuminate/Foundation/Http/Middleware/ConvertEmptyStringsToNull.php(31): Illuminate/Foundation/Http/Middleware/TransformsRequest->handle()
#48 C:/Users/thiag/OneDrive/Desktop/virtual-notes2/vendor/laravel/framework/src/Illuminate/Pipeline/Pipeline.php(219): Illuminate/Foundation/Http/Middleware/ConvertEmptyStringsToNull->handle()
#49 C:/Users/thiag/OneDrive/Desktop/virtual-notes2/vendor/laravel/framework/src/Illuminate/Foundation/Http/Middleware/TransformsRequest.php(21): Illuminate/Pipeline/Pipeline->{closure:{closure:Illuminate/Pipeline/Pipeline::carry():194}:195}()
#50 C:/Users/thiag/OneDrive/Desktop/virtual-notes2/vendor/laravel/framework/src/Illuminate/Foundation/Http/Middleware/TrimStrings.php(51): Illuminate/Foundation/Http/Middleware/TransformsRequest->handle()
#51 C:/Users/thiag/OneDrive/Desktop/virtual-notes2/vendor/laravel/framework/src/Illuminate/Pipeline/Pipeline.php(219): Illuminate/Foundation/Http/Middleware/TrimStrings->handle()
#52 C:/Users/thiag/OneDrive/Desktop/virtual-notes2/vendor/laravel/framework/src/Illuminate/Http/Middleware/ValidatePostSize.php(27): Illuminate/Pipeline/Pipeline->{closure:{closure:Illuminate/Pipeline/Pipeline::carry():194}:195}()
#53 C:/Users/thiag/OneDrive/Desktop/virtual-notes2/vendor/laravel/framework/src/Illuminate/Pipeline/Pipeline.php(219): Illuminate/Http/Middleware/ValidatePostSize->handle()
#54 C:/Users/thiag/OneDrive/Desktop/virtual-notes2/vendor/laravel/framework/src/Illuminate/Foundation/Http/Middleware/PreventRequestsDuringMaintenance.php(109): Illuminate/Pipeline/Pipeline->{closure:{closure:Illuminate/Pipeline/Pipeline::carry():194}:195}()
#55 C:/Users/thiag/OneDrive/Desktop/virtual-notes2/vendor/laravel/framework/src/Illuminate/Pipeline/Pipeline.php(219): Illuminate/Foundation/Http/Middleware/PreventRequestsDuringMaintenance->handle()
#56 C:/Users/thiag/OneDrive/Desktop/virtual-notes2/vendor/laravel/framework/src/Illuminate/Http/Middleware/HandleCors.php(61): Illuminate/Pipeline/Pipeline->{closure:{closure:Illuminate/Pipeline/Pipeline::carry():194}:195}()
#57 C:/Users/thiag/OneDrive/Desktop/virtual-notes2/vendor/laravel/framework/src/Illuminate/Pipeline/Pipeline.php(219): Illuminate/Http/Middleware/HandleCors->handle()
#58 C:/Users/thiag/OneDrive/Desktop/virtual-notes2/vendor/laravel/framework/src/Illuminate/Http/Middleware/TrustProxies.php(58): Illuminate/Pipeline/Pipeline->{closure:{closure:Illuminate/Pipeline/Pipeline::carry():194}:195}()
#59 C:/Users/thiag/OneDrive/Desktop/virtual-notes2/vendor/laravel/framework/src/Illuminate/Pipeline/Pipeline.php(219): Illuminate/Http/Middleware/TrustProxies->handle()
#60 C:/Users/thiag/OneDrive/Desktop/virtual-notes2/vendor/laravel/framework/src/Illuminate/Foundation/Http/Middleware/InvokeDeferredCallbacks.php(22): Illuminate/Pipeline/Pipeline->{closure:{closure:Illuminate/Pipeline/Pipeline::carry():194}:195}()
#61 C:/Users/thiag/OneDrive/Desktop/virtual-notes2/vendor/laravel/framework/src/Illuminate/Pipeline/Pipeline.php(219): Illuminate/Foundation/Http/Middleware/InvokeDeferredCallbacks->handle()
#62 C:/Users/thiag/OneDrive/Desktop/virtual-notes2/vendor/laravel/framework/src/Illuminate/Http/Middleware/ValidatePathEncoding.php(28): Illuminate/Pipeline/Pipeline->{closure:{closure:Illuminate/Pipeline/Pipeline::carry():194}:195}()
#63 C:/Users/thiag/OneDrive/Desktop/virtual-notes2/vendor/laravel/framework/src/Illuminate/Pipeline/Pipeline.php(219): Illuminate/Http/Middleware/ValidatePathEncoding->handle()
#64 C:/Users/thiag/OneDrive/Desktop/virtual-notes2/vendor/laravel/framework/src/Illuminate/Pipeline/Pipeline.php(137): Illuminate/Pipeline/Pipeline->{closure:{closure:Illuminate/Pipeline/Pipeline::carry():194}:195}()
#65 C:/Users/thiag/OneDrive/Desktop/virtual-notes2/vendor/laravel/framework/src/Illuminate/Foundation/Http/Kernel.php(175): Illuminate/Pipeline/Pipeline->then()
#66 C:/Users/thiag/OneDrive/Desktop/virtual-notes2/vendor/laravel/framework/src/Illuminate/Foundation/Http/Kernel.php(144): Illuminate/Foundation/Http/Kernel->sendRequestThroughRouter()
#67 C:/Users/thiag/OneDrive/Desktop/virtual-notes2/vendor/laravel/framework/src/Illuminate/Foundation/Application.php(1220): Illuminate/Foundation/Http/Kernel->handle()
#68 C:/Users/thiag/OneDrive/Desktop/virtual-notes2/public/index.php(20): Illuminate/Foundation/Application->handleRequest()
#69 C:/Users/thiag/OneDrive/Desktop/virtual-notes2/vendor/laravel/framework/src/Illuminate/Foundation/resources/server.php(23): require_once('...')
#70 {main}
"} 
[2026-08-16 13:54:29] local.ERROR: SQLSTATE[42S22]: Column not found: 1054 Unknown column 'chamado_id' in 'WHERE' (Connection: mysql, Host: 127.0.0.1, Port: 3306, Database: todo_list, SQL: select count(*) as aggregate from `equipamentos` where `chamado_id` is not null) {"userId":1,"exception":"[object] (Illuminate\\Database\\QueryException(code: 42S22): SQLSTATE[42S22]: Column not found: 1054 Unknown column 'chamado_id' in 'WHERE' (Connection: mysql, Host: 127.0.0.1, Port: 3306, Database: todo_list, SQL: select count(*) as aggregate from `equipamentos` where `chamado_id` is not null) at C:/Users/thiag/OneDrive/Desktop/virtual-notes2/vendor/laravel/framework/src/Illuminate/Database/Connection.php:841)
[stacktrace]
#0 C:/Users/thiag/OneDrive/Desktop/virtual-notes2/vendor/laravel/framework/src/Illuminate/Database/Connection.php(797): Illuminate/Database/Connection->runQueryCallback()
#1 C:/Users/thiag/OneDrive/Desktop/virtual-notes2/vendor/laravel/framework/src/Illuminate/Database/Connection.php(412): Illuminate/Database/Connection->run()
#2 C:/Users/thiag/OneDrive/Desktop/virtual-notes2/vendor/laravel/framework/src/Illuminate/Database/Query/Builder.php(3562): Illuminate/Database/Connection->select()
#3 C:/Users/thiag/OneDrive/Desktop/virtual-notes2/vendor/laravel/framework/src/Illuminate/Database/Query/Builder.php(3546): Illuminate/Database/Query/Builder->runSelect()
#4 C:/Users/thiag/OneDrive/Desktop/virtual-notes2/vendor/laravel/framework/src/Illuminate/Database/Query/Builder.php(4062): Illuminate/Database/Query/Builder->get()
#5 C:/Users/thiag/OneDrive/Desktop/virtual-notes2/vendor/laravel/framework/src/Illuminate/Database/Query/Builder.php(3990): Illuminate/Database/Query/Builder->aggregate()
#6 C:/Users/thiag/OneDrive/Desktop/virtual-notes2/vendor/laravel/framework/src/Illuminate/Database/Eloquent/Builder.php(2242): Illuminate/Database/Query/Builder->count()
#7 C:/Users/thiag/OneDrive/Desktop/virtual-notes2/app/Services/EquipamentoService.php(19): Illuminate/Database/Eloquent/Builder->__call()
#8 C:/Users/thiag/OneDrive/Desktop/virtual-notes2/app/Http/Controllers/DashboardController.php(21): App/Services/EquipamentoService->summary()
#9 C:/Users/thiag/OneDrive/Desktop/virtual-notes2/vendor/laravel/framework/src/Illuminate/Routing/ControllerDispatcher.php(46): App/Http/Controllers/DashboardController->index()
#10 C:/Users/thiag/OneDrive/Desktop/virtual-notes2/vendor/laravel/framework/src/Illuminate/Routing/Route.php(269): Illuminate/Routing/ControllerDispatcher->dispatch()
#11 C:/Users/thiag/OneDrive/Desktop/virtual-notes2/vendor/laravel/framework/src/Illuminate/Routing/Route.php(215): Illuminate/Routing/Route->runController()
#12 C:/Users/thiag/OneDrive/Desktop/virtual-notes2/vendor/laravel/framework/src/Illuminate/Routing/Router.php(822): Illuminate/Routing/Route->run()
#13 C:/Users/thiag/OneDrive/Desktop/virtual-notes2/vendor/laravel/framework/src/Illuminate/Pipeline/Pipeline.php(180): Illuminate/Routing/Router->{closure:Illuminate/Routing/Router::runRouteWithinStack():821}()
#14 C:/Users/thiag/OneDrive/Desktop/virtual-notes2/vendor/laravel/framework/src/Illuminate/Auth/Middleware/EnsureEmailIsVerified.php(41): Illuminate/Pipeline/Pipeline->{closure:Illuminate/Pipeline/Pipeline::prepareDestination():178}()
#15 C:/Users/thiag/OneDrive/Desktop/virtual-notes2/vendor/laravel/framework/src/Illuminate/Pipeline/Pipeline.php(219): Illuminate/Auth/Middleware/EnsureEmailIsVerified->handle()
#16 C:/Users/thiag/OneDrive/Desktop/virtual-notes2/vendor/laravel/framework/src/Illuminate/Http/Middleware/AddLinkHeadersForPreloadedAssets.php(32): Illuminate/Pipeline/Pipeline->{closure:{closure:Illuminate/Pipeline/Pipeline::carry():194}:195}()
#17 C:/Users/thiag/OneDrive/Desktop/virtual-notes2/vendor/laravel/framework/src/Illuminate/Pipeline/Pipeline.php(219): Illuminate/Http/Middleware/AddLinkHeadersForPreloadedAssets->handle()
#18 C:/Users/thiag/OneDrive/Desktop/virtual-notes2/vendor/inertiajs/inertia-laravel/src/Middleware.php(122): Illuminate/Pipeline/Pipeline->{closure:{closure:Illuminate/Pipeline/Pipeline::carry():194}:195}()
#19 C:/Users/thiag/OneDrive/Desktop/virtual-notes2/vendor/laravel/framework/src/Illuminate/Pipeline/Pipeline.php(219): Inertia/Middleware->handle()
#20 C:/Users/thiag/OneDrive/Desktop/virtual-notes2/app/Http/Middleware/HandleAppearance.php(21): Illuminate/Pipeline/Pipeline->{closure:{closure:Illuminate/Pipeline/Pipeline::carry():194}:195}()
#21 C:/Users/thiag/OneDrive/Desktop/virtual-notes2/vendor/laravel/framework/src/Illuminate/Pipeline/Pipeline.php(219): App/Http/Middleware/HandleAppearance->handle()
#22 C:/Users/thiag/OneDrive/Desktop/virtual-notes2/vendor/laravel/framework/src/Illuminate/Routing/Middleware/SubstituteBindings.php(52): Illuminate/Pipeline/Pipeline->{closure:{closure:Illuminate/Pipeline/Pipeline::carry():194}:195}()
#23 C:/Users/thiag/OneDrive/Desktop/virtual-notes2/vendor/laravel/framework/src/Illuminate/Pipeline/Pipeline.php(219): Illuminate/Routing/Middleware/SubstituteBindings->handle()
#24 C:/Users/thiag/OneDrive/Desktop/virtual-notes2/vendor/laravel/framework/src/Illuminate/Auth/Middleware/Authenticate.php(63): Illuminate/Pipeline/Pipeline->{closure:{closure:Illuminate/Pipeline/Pipeline::carry():194}:195}()
#25 C:/Users/thiag/OneDrive/Desktop/virtual-notes2/vendor/laravel/framework/src/Illuminate/Pipeline/Pipeline.php(219): Illuminate/Auth/Middleware/Authenticate->handle()
#26 C:/Users/thiag/OneDrive/Desktop/virtual-notes2/vendor/laravel/framework/src/Illuminate/Foundation/Http/Middleware/PreventRequestForgery.php(104): Illuminate/Pipeline/Pipeline->{closure:{closure:Illuminate/Pipeline/Pipeline::carry():194}:195}()
#27 C:/Users/thiag/OneDrive/Desktop/virtual-notes2/vendor/laravel/framework/src/Illuminate/Pipeline/Pipeline.php(219): Illuminate/Foundation/Http/Middleware/PreventRequestForgery->handle()
#28 C:/Users/thiag/OneDrive/Desktop/virtual-notes2/vendor/laravel/framework/src/Illuminate/View/Middleware/ShareErrorsFromSession.php(48): Illuminate/Pipeline/Pipeline->{closure:{closure:Illuminate/Pipeline/Pipeline::carry():194}:195}()
#29 C:/Users/thiag/OneDrive/Desktop/virtual-notes2/vendor/laravel/framework/src/Illuminate/Pipeline/Pipeline.php(219): Illuminate/View/Middleware/ShareErrorsFromSession->handle()
#30 C:/Users/thiag/OneDrive/Desktop/virtual-notes2/vendor/laravel/framework/src/Illuminate/Session/Middleware/StartSession.php(120): Illuminate/Pipeline/Pipeline->{closure:{closure:Illuminate/Pipeline/Pipeline::carry():194}:195}()
#31 C:/Users/thiag/OneDrive/Desktop/virtual-notes2/vendor/laravel/framework/src/Illuminate/Session/Middleware/StartSession.php(63): Illuminate/Session/Middleware/StartSession->handleStatefulRequest()
#32 C:/Users/thiag/OneDrive/Desktop/virtual-notes2/vendor/laravel/framework/src/Illuminate/Pipeline/Pipeline.php(219): Illuminate/Session/Middleware/StartSession->handle()
#33 C:/Users/thiag/OneDrive/Desktop/virtual-notes2/vendor/laravel/framework/src/Illuminate/Cookie/Middleware/AddQueuedCookiesToResponse.php(36): Illuminate/Pipeline/Pipeline->{closure:{closure:Illuminate/Pipeline/Pipeline::carry():194}:195}()
#34 C:/Users/thiag/OneDrive/Desktop/virtual-notes2/vendor/laravel/framework/src/Illuminate/Pipeline/Pipeline.php(219): Illuminate/Cookie/Middleware/AddQueuedCookiesToResponse->handle()
#35 C:/Users/thiag/OneDrive/Desktop/virtual-notes2/vendor/laravel/framework/src/Illuminate/Cookie/Middleware/EncryptCookies.php(74): Illuminate/Pipeline/Pipeline->{closure:{closure:Illuminate/Pipeline/Pipeline::carry():194}:195}()
#36 C:/Users/thiag/OneDrive/Desktop/virtual-notes2/vendor/laravel/framework/src/Illuminate/Pipeline/Pipeline.php(219): Illuminate/Cookie/Middleware/EncryptCookies->handle()
#37 C:/Users/thiag/OneDrive/Desktop/virtual-notes2/vendor/laravel/framework/src/Illuminate/Pipeline/Pipeline.php(137): Illuminate/Pipeline/Pipeline->{closure:{closure:Illuminate/Pipeline/Pipeline::carry():194}:195}()
#38 C:/Users/thiag/OneDrive/Desktop/virtual-notes2/vendor/laravel/framework/src/Illuminate/Routing/Router.php(821): Illuminate/Pipeline/Pipeline->then()
#39 C:/Users/thiag/OneDrive/Desktop/virtual-notes2/vendor/laravel/framework/src/Illuminate/Routing/Router.php(800): Illuminate/Routing/Router->runRouteWithinStack()
#40 C:/Users/thiag/OneDrive/Desktop/virtual-notes2/vendor/laravel/framework/src/Illuminate/Routing/Router.php(764): Illuminate/Routing/Router->runRoute()
#41 C:/Users/thiag/OneDrive/Desktop/virtual-notes2/vendor/laravel/framework/src/Illuminate/Routing/Router.php(753): Illuminate/Routing/Router->dispatchToRoute()
#42 C:/Users/thiag/OneDrive/Desktop/virtual-notes2/vendor/laravel/framework/src/Illuminate/Foundation/Http/Kernel.php(200): Illuminate/Routing/Router->dispatch()
#43 C:/Users/thiag/OneDrive/Desktop/virtual-notes2/vendor/laravel/framework/src/Illuminate/Pipeline/Pipeline.php(180): Illuminate/Foundation/Http/Kernel->{closure:Illuminate/Foundation/Http/Kernel::dispatchToRouter():197}()
#44 C:/Users/thiag/OneDrive/Desktop/virtual-notes2/vendor/laravel/framework/src/Illuminate/Foundation/Http/Middleware/TransformsRequest.php(21): Illuminate/Pipeline/Pipeline->{closure:Illuminate/Pipeline/Pipeline::prepareDestination():178}()
#45 C:/Users/thiag/OneDrive/Desktop/virtual-notes2/vendor/laravel/framework/src/Illuminate/Foundation/Http/Middleware/ConvertEmptyStringsToNull.php(31): Illuminate/Foundation/Http/Middleware/TransformsRequest->handle()
#46 C:/Users/thiag/OneDrive/Desktop/virtual-notes2/vendor/laravel/framework/src/Illuminate/Pipeline/Pipeline.php(219): Illuminate/Foundation/Http/Middleware/ConvertEmptyStringsToNull->handle()
#47 C:/Users/thiag/OneDrive/Desktop/virtual-notes2/vendor/laravel/framework/src/Illuminate/Foundation/Http/Middleware/TransformsRequest.php(21): Illuminate/Pipeline/Pipeline->{closure:{closure:Illuminate/Pipeline/Pipeline::carry():194}:195}()
#48 C:/Users/thiag/OneDrive/Desktop/virtual-notes2/vendor/laravel/framework/src/Illuminate/Foundation/Http/Middleware/TrimStrings.php(51): Illuminate/Foundation/Http/Middleware/TransformsRequest->handle()
#49 C:/Users/thiag/OneDrive/Desktop/virtual-notes2/vendor/laravel/framework/src/Illuminate/Pipeline/Pipeline.php(219): Illuminate/Foundation/Http/Middleware/TrimStrings->handle()
#50 C:/Users/thiag/OneDrive/Desktop/virtual-notes2/vendor/laravel/framework/src/Illuminate/Http/Middleware/ValidatePostSize.php(27): Illuminate/Pipeline/Pipeline->{closure:{closure:Illuminate/Pipeline/Pipeline::carry():194}:195}()
#51 C:/Users/thiag/OneDrive/Desktop/virtual-notes2/vendor/laravel/framework/src/Illuminate/Pipeline/Pipeline.php(219): Illuminate/Http/Middleware/ValidatePostSize->handle()
#52 C:/Users/thiag/OneDrive/Desktop/virtual-notes2/vendor/laravel/framework/src/Illuminate/Foundation/Http/Middleware/PreventRequestsDuringMaintenance.php(109): Illuminate/Pipeline/Pipeline->{closure:{closure:Illuminate/Pipeline/Pipeline::carry():194}:195}()
#53 C:/Users/thiag/OneDrive/Desktop/virtual-notes2/vendor/laravel/framework/src/Illuminate/Pipeline/Pipeline.php(219): Illuminate/Foundation/Http/Middleware/PreventRequestsDuringMaintenance->handle()
#54 C:/Users/thiag/OneDrive/Desktop/virtual-notes2/vendor/laravel/framework/src/Illuminate/Http/Middleware/HandleCors.php(61): Illuminate/Pipeline/Pipeline->{closure:{closure:Illuminate/Pipeline/Pipeline::carry():194}:195}()
#55 C:/Users/thiag/OneDrive/Desktop/virtual-notes2/vendor/laravel/framework/src/Illuminate/Pipeline/Pipeline.php(219): Illuminate/Http/Middleware/HandleCors->handle()
#56 C:/Users/thiag/OneDrive/Desktop/virtual-notes2/vendor/laravel/framework/src/Illuminate/Http/Middleware/TrustProxies.php(58): Illuminate/Pipeline/Pipeline->{closure:{closure:Illuminate/Pipeline/Pipeline::carry():194}:195}()
#57 C:/Users/thiag/OneDrive/Desktop/virtual-notes2/vendor/laravel/framework/src/Illuminate/Pipeline/Pipeline.php(219): Illuminate/Http/Middleware/TrustProxies->handle()
#58 C:/Users/thiag/OneDrive/Desktop/virtual-notes2/vendor/laravel/framework/src/Illuminate/Foundation/Http/Middleware/InvokeDeferredCallbacks.php(22): Illuminate/Pipeline/Pipeline->{closure:{closure:Illuminate/Pipeline/Pipeline::carry():194}:195}()
#59 C:/Users/thiag/OneDrive/Desktop/virtual-notes2/vendor/laravel/framework/src/Illuminate/Pipeline/Pipeline.php(219): Illuminate/Foundation/Http/Middleware/InvokeDeferredCallbacks->handle()
#60 C:/Users/thiag/OneDrive/Desktop/virtual-notes2/vendor/laravel/framework/src/Illuminate/Http/Middleware/ValidatePathEncoding.php(28): Illuminate/Pipeline/Pipeline->{closure:{closure:Illuminate/Pipeline/Pipeline::carry():194}:195}()
#61 C:/Users/thiag/OneDrive/Desktop/virtual-notes2/vendor/laravel/framework/src/Illuminate/Pipeline/Pipeline.php(219): Illuminate/Http/Middleware/ValidatePathEncoding->handle()
#62 C:/Users/thiag/OneDrive/Desktop/virtual-notes2/vendor/laravel/framework/src/Illuminate/Pipeline/Pipeline.php(137): Illuminate/Pipeline/Pipeline->{closure:{closure:Illuminate/Pipeline/Pipeline::carry():194}:195}()
#63 C:/Users/thiag/OneDrive/Desktop/virtual-notes2/vendor/laravel/framework/src/Illuminate/Foundation/Http/Kernel.php(175): Illuminate/Pipeline/Pipeline->then()
#64 C:/Users/thiag/OneDrive/Desktop/virtual-notes2/vendor/laravel/framework/src/Illuminate/Foundation/Http/Kernel.php(144): Illuminate/Foundation/Http/Kernel->sendRequestThroughRouter()
#65 C:/Users/thiag/OneDrive/Desktop/virtual-notes2/vendor/laravel/framework/src/Illuminate/Foundation/Application.php(1220): Illuminate/Foundation/Http/Kernel->handle()
#66 C:/Users/thiag/OneDrive/Desktop/virtual-notes2/public/index.php(20): Illuminate/Foundation/Application->handleRequest()
#67 C:/Users/thiag/OneDrive/Desktop/virtual-notes2/vendor/laravel/framework/src/Illuminate/Foundation/resources/server.php(23): require_once('...')
#68 {main}

[previous exception] [object] (PDOException(code: 42S22): SQLSTATE[42S22]: Column not found: 1054 Unknown column 'chamado_id' in 'WHERE' at C:/Users/thiag/OneDrive/Desktop/virtual-notes2/vendor/laravel/framework/src/Illuminate/Database/Connection.php:421)
[stacktrace]
#0 C:/Users/thiag/OneDrive/Desktop/virtual-notes2/vendor/laravel/framework/src/Illuminate/Database/Connection.php(421): PDO->prepare()
#1 C:/Users/thiag/OneDrive/Desktop/virtual-notes2/vendor/laravel/framework/src/Illuminate/Database/Connection.php(830): Illuminate/Database/Connection->{closure:Illuminate/Database/Connection::select():412}()
#2 C:/Users/thiag/OneDrive/Desktop/virtual-notes2/vendor/laravel/framework/src/Illuminate/Database/Connection.php(797): Illuminate/Database/Connection->runQueryCallback()
#3 C:/Users/thiag/OneDrive/Desktop/virtual-notes2/vendor/laravel/framework/src/Illuminate/Database/Connection.php(412): Illuminate/Database/Connection->run()
#4 C:/Users/thiag/OneDrive/Desktop/virtual-notes2/vendor/laravel/framework/src/Illuminate/Database/Query/Builder.php(3562): Illuminate/Database/Connection->select()
#5 C:/Users/thiag/OneDrive/Desktop/virtual-notes2/vendor/laravel/framework/src/Illuminate/Database/Query/Builder.php(3546): Illuminate/Database/Query/Builder->runSelect()
#6 C:/Users/thiag/OneDrive/Desktop/virtual-notes2/vendor/laravel/framework/src/Illuminate/Database/Query/Builder.php(4062): Illuminate/Database/Query/Builder->get()
#7 C:/Users/thiag/OneDrive/Desktop/virtual-notes2/vendor/laravel/framework/src/Illuminate/Database/Query/Builder.php(3990): Illuminate/Database/Query/Builder->aggregate()
#8 C:/Users/thiag/OneDrive/Desktop/virtual-notes2/vendor/laravel/framework/src/Illuminate/Database/Eloquent/Builder.php(2242): Illuminate/Database/Query/Builder->count()
#9 C:/Users/thiag/OneDrive/Desktop/virtual-notes2/app/Services/EquipamentoService.php(19): Illuminate/Database/Eloquent/Builder->__call()
#10 C:/Users/thiag/OneDrive/Desktop/virtual-notes2/app/Http/Controllers/DashboardController.php(21): App/Services/EquipamentoService->summary()
#11 C:/Users/thiag/OneDrive/Desktop/virtual-notes2/vendor/laravel/framework/src/Illuminate/Routing/ControllerDispatcher.php(46): App/Http/Controllers/DashboardController->index()
#12 C:/Users/thiag/OneDrive/Desktop/virtual-notes2/vendor/laravel/framework/src/Illuminate/Routing/Route.php(269): Illuminate/Routing/ControllerDispatcher->dispatch()
#13 C:/Users/thiag/OneDrive/Desktop/virtual-notes2/vendor/laravel/framework/src/Illuminate/Routing/Route.php(215): Illuminate/Routing/Route->runController()
#14 C:/Users/thiag/OneDrive/Desktop/virtual-notes2/vendor/laravel/framework/src/Illuminate/Routing/Router.php(822): Illuminate/Routing/Route->run()
#15 C:/Users/thiag/OneDrive/Desktop/virtual-notes2/vendor/laravel/framework/src/Illuminate/Pipeline/Pipeline.php(180): Illuminate/Routing/Router->{closure:Illuminate/Routing/Router::runRouteWithinStack():821}()
#16 C:/Users/thiag/OneDrive/Desktop/virtual-notes2/vendor/laravel/framework/src/Illuminate/Auth/Middleware/EnsureEmailIsVerified.php(41): Illuminate/Pipeline/Pipeline->{closure:Illuminate/Pipeline/Pipeline::prepareDestination():178}()
#17 C:/Users/thiag/OneDrive/Desktop/virtual-notes2/vendor/laravel/framework/src/Illuminate/Pipeline/Pipeline.php(219): Illuminate/Auth/Middleware/EnsureEmailIsVerified->handle()
#18 C:/Users/thiag/OneDrive/Desktop/virtual-notes2/vendor/laravel/framework/src/Illuminate/Http/Middleware/AddLinkHeadersForPreloadedAssets.php(32): Illuminate/Pipeline/Pipeline->{closure:{closure:Illuminate/Pipeline/Pipeline::carry():194}:195}()
#19 C:/Users/thiag/OneDrive/Desktop/virtual-notes2/vendor/laravel/framework/src/Illuminate/Pipeline/Pipeline.php(219): Illuminate/Http/Middleware/AddLinkHeadersForPreloadedAssets->handle()
#20 C:/Users/thiag/OneDrive/Desktop/virtual-notes2/vendor/inertiajs/inertia-laravel/src/Middleware.php(122): Illuminate/Pipeline/Pipeline->{closure:{closure:Illuminate/Pipeline/Pipeline::carry():194}:195}()
#21 C:/Users/thiag/OneDrive/Desktop/virtual-notes2/vendor/laravel/framework/src/Illuminate/Pipeline/Pipeline.php(219): Inertia/Middleware->handle()
#22 C:/Users/thiag/OneDrive/Desktop/virtual-notes2/app/Http/Middleware/HandleAppearance.php(21): Illuminate/Pipeline/Pipeline->{closure:{closure:Illuminate/Pipeline/Pipeline::carry():194}:195}()
#23 C:/Users/thiag/OneDrive/Desktop/virtual-notes2/vendor/laravel/framework/src/Illuminate/Pipeline/Pipeline.php(219): App/Http/Middleware/HandleAppearance->handle()
#24 C:/Users/thiag/OneDrive/Desktop/virtual-notes2/vendor/laravel/framework/src/Illuminate/Routing/Middleware/SubstituteBindings.php(52): Illuminate/Pipeline/Pipeline->{closure:{closure:Illuminate/Pipeline/Pipeline::carry():194}:195}()
#25 C:/Users/thiag/OneDrive/Desktop/virtual-notes2/vendor/laravel/framework/src/Illuminate/Pipeline/Pipeline.php(219): Illuminate/Routing/Middleware/SubstituteBindings->handle()
#26 C:/Users/thiag/OneDrive/Desktop/virtual-notes2/vendor/laravel/framework/src/Illuminate/Auth/Middleware/Authenticate.php(63): Illuminate/Pipeline/Pipeline->{closure:{closure:Illuminate/Pipeline/Pipeline::carry():194}:195}()
#27 C:/Users/thiag/OneDrive/Desktop/virtual-notes2/vendor/laravel/framework/src/Illuminate/Pipeline/Pipeline.php(219): Illuminate/Auth/Middleware/Authenticate->handle()
#28 C:/Users/thiag/OneDrive/Desktop/virtual-notes2/vendor/laravel/framework/src/Illuminate/Foundation/Http/Middleware/PreventRequestForgery.php(104): Illuminate/Pipeline/Pipeline->{closure:{closure:Illuminate/Pipeline/Pipeline::carry():194}:195}()
#29 C:/Users/thiag/OneDrive/Desktop/virtual-notes2/vendor/laravel/framework/src/Illuminate/Pipeline/Pipeline.php(219): Illuminate/Foundation/Http/Middleware/PreventRequestForgery->handle()
#30 C:/Users/thiag/OneDrive/Desktop/virtual-notes2/vendor/laravel/framework/src/Illuminate/View/Middleware/ShareErrorsFromSession.php(48): Illuminate/Pipeline/Pipeline->{closure:{closure:Illuminate/Pipeline/Pipeline::carry():194}:195}()
#31 C:/Users/thiag/OneDrive/Desktop/virtual-notes2/vendor/laravel/framework/src/Illuminate/Pipeline/Pipeline.php(219): Illuminate/View/Middleware/ShareErrorsFromSession->handle()
#32 C:/Users/thiag/OneDrive/Desktop/virtual-notes2/vendor/laravel/framework/src/Illuminate/Session/Middleware/StartSession.php(120): Illuminate/Pipeline/Pipeline->{closure:{closure:Illuminate/Pipeline/Pipeline::carry():194}:195}()
#33 C:/Users/thiag/OneDrive/Desktop/virtual-notes2/vendor/laravel/framework/src/Illuminate/Session/Middleware/StartSession.php(63): Illuminate/Session/Middleware/StartSession->handleStatefulRequest()
#34 C:/Users/thiag/OneDrive/Desktop/virtual-notes2/vendor/laravel/framework/src/Illuminate/Pipeline/Pipeline.php(219): Illuminate/Session/Middleware/StartSession->handle()
#35 C:/Users/thiag/OneDrive/Desktop/virtual-notes2/vendor/laravel/framework/src/Illuminate/Cookie/Middleware/AddQueuedCookiesToResponse.php(36): Illuminate/Pipeline/Pipeline->{closure:{closure:Illuminate/Pipeline/Pipeline::carry():194}:195}()
#36 C:/Users/thiag/OneDrive/Desktop/virtual-notes2/vendor/laravel/framework/src/Illuminate/Pipeline/Pipeline.php(219): Illuminate/Cookie/Middleware/AddQueuedCookiesToResponse->handle()
#37 C:/Users/thiag/OneDrive/Desktop/virtual-notes2/vendor/laravel/framework/src/Illuminate/Cookie/Middleware/EncryptCookies.php(74): Illuminate/Pipeline/Pipeline->{closure:{closure:Illuminate/Pipeline/Pipeline::carry():194}:195}()
#38 C:/Users/thiag/OneDrive/Desktop/virtual-notes2/vendor/laravel/framework/src/Illuminate/Pipeline/Pipeline.php(219): Illuminate/Cookie/Middleware/EncryptCookies->handle()
#39 C:/Users/thiag/OneDrive/Desktop/virtual-notes2/vendor/laravel/framework/src/Illuminate/Pipeline/Pipeline.php(137): Illuminate/Pipeline/Pipeline->{closure:{closure:Illuminate/Pipeline/Pipeline::carry():194}:195}()
#40 C:/Users/thiag/OneDrive/Desktop/virtual-notes2/vendor/laravel/framework/src/Illuminate/Routing/Router.php(821): Illuminate/Pipeline/Pipeline->then()
#41 C:/Users/thiag/OneDrive/Desktop/virtual-notes2/vendor/laravel/framework/src/Illuminate/Routing/Router.php(800): Illuminate/Routing/Router->runRouteWithinStack()
#42 C:/Users/thiag/OneDrive/Desktop/virtual-notes2/vendor/laravel/framework/src/Illuminate/Routing/Router.php(764): Illuminate/Routing/Router->runRoute()
#43 C:/Users/thiag/OneDrive/Desktop/virtual-notes2/vendor/laravel/framework/src/Illuminate/Routing/Router.php(753): Illuminate/Routing/Router->dispatchToRoute()
#44 C:/Users/thiag/OneDrive/Desktop/virtual-notes2/vendor/laravel/framework/src/Illuminate/Foundation/Http/Kernel.php(200): Illuminate/Routing/Router->dispatch()
#45 C:/Users/thiag/OneDrive/Desktop/virtual-notes2/vendor/laravel/framework/src/Illuminate/Pipeline/Pipeline.php(180): Illuminate/Foundation/Http/Kernel->{closure:Illuminate/Foundation/Http/Kernel::dispatchToRouter():197}()
#46 C:/Users/thiag/OneDrive/Desktop/virtual-notes2/vendor/laravel/framework/src/Illuminate/Foundation/Http/Middleware/TransformsRequest.php(21): Illuminate/Pipeline/Pipeline->{closure:Illuminate/Pipeline/Pipeline::prepareDestination():178}()
#47 C:/Users/thiag/OneDrive/Desktop/virtual-notes2/vendor/laravel/framework/src/Illuminate/Foundation/Http/Middleware/ConvertEmptyStringsToNull.php(31): Illuminate/Foundation/Http/Middleware/TransformsRequest->handle()
#48 C:/Users/thiag/OneDrive/Desktop/virtual-notes2/vendor/laravel/framework/src/Illuminate/Pipeline/Pipeline.php(219): Illuminate/Foundation/Http/Middleware/ConvertEmptyStringsToNull->handle()
#49 C:/Users/thiag/OneDrive/Desktop/virtual-notes2/vendor/laravel/framework/src/Illuminate/Foundation/Http/Middleware/TransformsRequest.php(21): Illuminate/Pipeline/Pipeline->{closure:{closure:Illuminate/Pipeline/Pipeline::carry():194}:195}()
#50 C:/Users/thiag/OneDrive/Desktop/virtual-notes2/vendor/laravel/framework/src/Illuminate/Foundation/Http/Middleware/TrimStrings.php(51): Illuminate/Foundation/Http/Middleware/TransformsRequest->handle()
#51 C:/Users/thiag/OneDrive/Desktop/virtual-notes2/vendor/laravel/framework/src/Illuminate/Pipeline/Pipeline.php(219): Illuminate/Foundation/Http/Middleware/TrimStrings->handle()
#52 C:/Users/thiag/OneDrive/Desktop/virtual-notes2/vendor/laravel/framework/src/Illuminate/Http/Middleware/ValidatePostSize.php(27): Illuminate/Pipeline/Pipeline->{closure:{closure:Illuminate/Pipeline/Pipeline::carry():194}:195}()
#53 C:/Users/thiag/OneDrive/Desktop/virtual-notes2/vendor/laravel/framework/src/Illuminate/Pipeline/Pipeline.php(219): Illuminate/Http/Middleware/ValidatePostSize->handle()
#54 C:/Users/thiag/OneDrive/Desktop/virtual-notes2/vendor/laravel/framework/src/Illuminate/Foundation/Http/Middleware/PreventRequestsDuringMaintenance.php(109): Illuminate/Pipeline/Pipeline->{closure:{closure:Illuminate/Pipeline/Pipeline::carry():194}:195}()
#55 C:/Users/thiag/OneDrive/Desktop/virtual-notes2/vendor/laravel/framework/src/Illuminate/Pipeline/Pipeline.php(219): Illuminate/Foundation/Http/Middleware/PreventRequestsDuringMaintenance->handle()
#56 C:/Users/thiag/OneDrive/Desktop/virtual-notes2/vendor/laravel/framework/src/Illuminate/Http/Middleware/HandleCors.php(61): Illuminate/Pipeline/Pipeline->{closure:{closure:Illuminate/Pipeline/Pipeline::carry():194}:195}()
#57 C:/Users/thiag/OneDrive/Desktop/virtual-notes2/vendor/laravel/framework/src/Illuminate/Pipeline/Pipeline.php(219): Illuminate/Http/Middleware/HandleCors->handle()
#58 C:/Users/thiag/OneDrive/Desktop/virtual-notes2/vendor/laravel/framework/src/Illuminate/Http/Middleware/TrustProxies.php(58): Illuminate/Pipeline/Pipeline->{closure:{closure:Illuminate/Pipeline/Pipeline::carry():194}:195}()
#59 C:/Users/thiag/OneDrive/Desktop/virtual-notes2/vendor/laravel/framework/src/Illuminate/Pipeline/Pipeline.php(219): Illuminate/Http/Middleware/TrustProxies->handle()
#60 C:/Users/thiag/OneDrive/Desktop/virtual-notes2/vendor/laravel/framework/src/Illuminate/Foundation/Http/Middleware/InvokeDeferredCallbacks.php(22): Illuminate/Pipeline/Pipeline->{closure:{closure:Illuminate/Pipeline/Pipeline::carry():194}:195}()
#61 C:/Users/thiag/OneDrive/Desktop/virtual-notes2/vendor/laravel/framework/src/Illuminate/Pipeline/Pipeline.php(219): Illuminate/Foundation/Http/Middleware/InvokeDeferredCallbacks->handle()
#62 C:/Users/thiag/OneDrive/Desktop/virtual-notes2/vendor/laravel/framework/src/Illuminate/Http/Middleware/ValidatePathEncoding.php(28): Illuminate/Pipeline/Pipeline->{closure:{closure:Illuminate/Pipeline/Pipeline::carry():194}:195}()
#63 C:/Users/thiag/OneDrive/Desktop/virtual-notes2/vendor/laravel/framework/src/Illuminate/Pipeline/Pipeline.php(219): Illuminate/Http/Middleware/ValidatePathEncoding->handle()
#64 C:/Users/thiag/OneDrive/Desktop/virtual-notes2/vendor/laravel/framework/src/Illuminate/Pipeline/Pipeline.php(137): Illuminate/Pipeline/Pipeline->{closure:{closure:Illuminate/Pipeline/Pipeline::carry():194}:195}()
#65 C:/Users/thiag/OneDrive/Desktop/virtual-notes2/vendor/laravel/framework/src/Illuminate/Foundation/Http/Kernel.php(175): Illuminate/Pipeline/Pipeline->then()
#66 C:/Users/thiag/OneDrive/Desktop/virtual-notes2/vendor/laravel/framework/src/Illuminate/Foundation/Http/Kernel.php(144): Illuminate/Foundation/Http/Kernel->sendRequestThroughRouter()
#67 C:/Users/thiag/OneDrive/Desktop/virtual-notes2/vendor/laravel/framework/src/Illuminate/Foundation/Application.php(1220): Illuminate/Foundation/Http/Kernel->handle()
#68 C:/Users/thiag/OneDrive/Desktop/virtual-notes2/public/index.php(20): Illuminate/Foundation/Application->handleRequest()
#69 C:/Users/thiag/OneDrive/Desktop/virtual-notes2/vendor/laravel/framework/src/Illuminate/Foundation/resources/server.php(23): require_once('...')
#70 {main}
"} 
